EmployeeID,Age,Gender,MaritalStatus,Department,JobRole,Education,EducationField,BusinessTravel,DistanceFromHome,JobLevel,MonthlyIncome,PercentSalaryHike,OverTime,TotalWorkingYears,YearsAtCompany,YearsInCurrentRole,YearsSinceLastPromotion,YearsWithCurrManager,NumCompaniesWorked,TrainingTimesLastYear,StockOptionLevel,JobSatisfaction,EnvironmentSatisfaction,WorkLifeBalance,JobInvolvement,PerformanceRating,Attrition
1001,41,Male,Single,Research & Development,Research Scientist,1,Marketing,Travel_Rarely,4,5,10261,11,No,4,0,0,0,0,1,3,0,2,2,2,2,3,Yes
1002,31,Male,Single,Research & Development,Research Director,3,Marketing,Travel_Rarely,4,1,5409,12,No,15,14,2,3,8,3,3,3,1,3,1,4,3,No
1003,43,Female,Single,Research & Development,Research Director,3,Human Resources,Travel_Frequently,2,1,1776,18,Yes,5,2,0,2,2,5,3,0,1,1,3,3,3,Yes
1004,43,Male,Married,Sales,Manager,4,Other,Travel_Rarely,10,2,5794,13,No,7,1,0,1,1,1,2,0,3,4,2,3,3,No
1005,33,Female,Married,Research & Development,Research Director,2,Medical,Non-Travel,3,3,5811,16,No,1,1,1,0,1,5,2,1,1,3,3,2,3,Yes
1006,35,Female,Single,Research & Development,Laboratory Technician,3,Human Resources,Travel_Rarely,8,1,5441,18,Yes,8,3,1,1,3,2,1,0,4,2,3,3,3,Yes
1007,30,Male,Married,Research & Development,Manufacturing Director,4,Medical,Travel_Frequently,9,1,3566,11,No,2,1,1,1,1,5,2,0,4,3,3,2,3,Yes
1008,47,Male,Single,Sales,Manager,3,Other,Travel_Rarely,9,2,5134,11,No,1,1,1,1,1,5,2,1,4,2,3,3,3,No
1009,37,Male,Divorced,Research & Development,Research Director,5,Other,Travel_Rarely,19,2,5435,11,No,0,0,0,0,0,2,2,0,4,1,3,2,3,No
1010,34,Male,Divorced,Sales,Sales Representative,3,Life Sciences,Travel_Rarely,3,2,4900,16,Yes,8,8,4,4,5,2,2,3,3,1,4,1,3,Yes
1011,28,Male,Divorced,Sales,Manager,2,Technical Degree,Travel_Rarely,7,3,6998,21,Yes,6,0,0,0,0,1,2,0,1,4,3,1,3,No
1012,33,Female,Single,Research & Development,Research Director,3,Life Sciences,Non-Travel,2,3,8043,12,Yes,11,6,2,3,1,1,6,1,1,2,2,2,3,Yes
1013,50,Female,Single,Research & Development,Laboratory Technician,3,Medical,Travel_Frequently,5,5,13037,15,No,12,5,0,1,0,4,4,0,4,3,3,3,3,No
1014,34,Female,Married,Research & Development,Laboratory Technician,1,Medical,Travel_Rarely,13,5,10891,12,No,4,0,0,0,0,4,1,1,3,3,3,3,3,No
1015,32,Male,Single,Research & Development,Research Director,1,Technical Degree,Travel_Rarely,18,2,6828,22,No,8,1,1,1,0,5,6,0,1,1,3,3,3,No
1016,40,Male,Divorced,Sales,Sales Executive,5,Life Sciences,Travel_Frequently,29,2,4556,18,No,6,2,0,0,2,4,4,1,3,2,3,3,3,No
1017,37,Male,Divorced,Research & Development,Research Scientist,3,Technical Degree,Travel_Rarely,27,5,12540,11,No,10,4,3,0,1,2,2,0,2,4,4,4,3,No
1018,34,Male,Single,Research & Development,Manufacturing Director,4,Human Resources,Travel_Rarely,9,2,7616,15,Yes,13,12,5,0,0,5,3,0,4,3,2,3,3,Yes
1019,51,Male,Married,Sales,Sales Executive,3,Human Resources,Travel_Rarely,11,5,11360,15,No,1,1,0,0,1,5,4,0,2,3,3,3,3,No
1020,55,Male,Single,Research & Development,Manufacturing Director,5,Technical Degree,Travel_Rarely,7,1,5962,15,No,5,4,0,2,0,3,3,0,3,4,4,2,4,Yes
1021,21,Female,Married,Sales,Manager,3,Technical Degree,Travel_Rarely,18,1,6049,18,No,6,5,0,2,2,2,1,1,2,2,1,3,3,Yes
1022,34,Female,Divorced,Research & Development,Research Scientist,3,Life Sciences,Travel_Rarely,29,2,8653,14,Yes,15,12,0,1,0,2,1,0,2,4,4,3,3,Yes
1023,22,Male,Married,Sales,Sales Representative,3,Technical Degree,Travel_Rarely,8,3,8008,11,No,10,4,4,0,1,1,1,0,1,2,3,3,3,Yes
1024,42,Male,Married,Research & Development,Manufacturing Director,5,Human Resources,Travel_Rarely,1,5,14684,14,No,22,17,6,3,0,3,6,1,4,3,3,3,3,No
1025,31,Female,Married,Research & Development,Research Scientist,1,Human Resources,Travel_Rarely,29,1,4576,12,Yes,12,8,0,3,5,4,5,0,3,3,3,2,4,No
1026,50,Male,Single,Research & Development,Manufacturing Director,3,Marketing,Travel_Rarely,5,2,7163,16,No,17,10,1,1,1,0,3,0,3,3,3,3,3,No
1027,40,Male,Married,Research & Development,Laboratory Technician,4,Other,Travel_Rarely,12,1,3391,11,Yes,7,1,0,0,1,3,3,1,4,3,3,2,3,Yes
1028,18,Male,Divorced,Research & Development,Manufacturing Director,4,Other,Travel_Rarely,7,4,10511,11,No,6,3,3,0,3,1,4,0,1,4,3,1,3,No
1029,37,Female,Married,Sales,Sales Executive,4,Life Sciences,Travel_Frequently,1,2,7273,11,No,7,4,0,0,3,4,2,1,2,2,3,3,3,No
1030,35,Female,Married,Human Resources,Human Resources,3,Technical Degree,Travel_Rarely,1,1,3752,15,Yes,3,1,1,0,1,3,2,0,1,3,3,1,3,No
1031,37,Male,Single,Research & Development,Laboratory Technician,4,Technical Degree,Travel_Rarely,16,3,8901,14,Yes,10,4,0,4,0,4,4,0,1,4,2,3,3,Yes
1032,33,Female,Single,Sales,Manager,3,Technical Degree,Non-Travel,9,2,4092,17,No,10,4,1,3,1,2,4,2,3,3,3,2,4,Yes
1033,24,Female,Married,Sales,Sales Representative,5,Other,Travel_Rarely,5,2,6581,11,No,2,1,0,1,1,3,4,2,3,1,3,3,3,No
1034,28,Male,Single,Research & Development,Laboratory Technician,3,Human Resources,Travel_Rarely,2,3,8139,15,No,1,1,1,0,1,4,2,1,4,1,3,2,3,No
1035,22,Male,Single,Research & Development,Research Director,3,Technical Degree,Travel_Rarely,2,5,10699,20,No,4,2,0,0,2,5,4,1,3,3,2,4,3,No
1036,43,Female,Single,Research & Development,Laboratory Technician,4,Human Resources,Travel_Rarely,1,4,8821,18,No,8,2,2,1,2,2,3,0,1,3,2,2,3,No
1037,46,Female,Single,Research & Development,Research Director,5,Medical,Travel_Rarely,1,5,10944,11,No,4,2,2,0,1,1,4,0,4,3,3,3,4,No
1038,21,Male,Divorced,Sales,Sales Executive,1,Life Sciences,Travel_Rarely,3,1,6331,14,No,19,15,4,0,0,3,5,0,3,3,2,4,3,No
1039,25,Male,Divorced,Research & Development,Research Scientist,3,Medical,Travel_Rarely,2,3,8355,13,Yes,5,3,3,1,0,6,1,0,2,3,3,3,3,No
1040,42,Male,Single,Research & Development,Laboratory Technician,4,Human Resources,Travel_Rarely,29,4,11688,11,No,12,10,2,4,0,6,5,2,2,4,3,3,4,No
1041,39,Female,Divorced,Sales,Manager,4,Other,Travel_Rarely,2,2,5417,17,Yes,0,0,0,0,0,2,2,2,3,3,3,2,3,Yes
1042,37,Male,Married,Research & Development,Laboratory Technician,1,Life Sciences,Travel_Frequently,1,3,9910,12,Yes,26,23,3,3,3,3,2,0,1,2,3,3,3,Yes
1043,32,Male,Divorced,Sales,Sales Representative,1,Technical Degree,Non-Travel,10,1,4184,11,No,11,9,9,4,4,4,5,1,3,4,2,2,3,No
1044,49,Female,Divorced,Sales,Sales Executive,2,Marketing,Travel_Rarely,4,2,5911,11,Yes,7,4,2,2,1,1,0,1,3,2,3,2,3,No
1045,39,Male,Single,Research & Development,Laboratory Technician,1,Life Sciences,Travel_Rarely,6,2,6432,14,Yes,3,3,0,0,3,3,1,0,2,3,2,3,3,No
1046,30,Male,Single,Sales,Sales Representative,3,Life Sciences,Travel_Frequently,16,2,7101,22,No,10,8,1,3,6,4,4,1,4,3,1,2,3,No
1047,41,Male,Married,Sales,Sales Representative,3,Medical,Travel_Rarely,1,4,6893,11,No,1,1,1,1,0,4,4,1,4,3,3,3,4,No
1048,55,Male,Single,Research & Development,Manufacturing Director,4,Technical Degree,Travel_Rarely,1,1,4257,14,No,21,17,0,2,1,2,2,1,3,3,3,2,3,No
1049,18,Female,Single,Sales,Sales Representative,2,Human Resources,Travel_Rarely,7,2,5905,21,No,0,0,0,0,0,2,0,0,3,4,3,3,4,Yes
1050,57,Male,Married,Sales,Sales Executive,2,Technical Degree,Non-Travel,29,5,9146,17,No,1,0,0,0,0,2,5,1,2,3,2,2,3,No
1051,36,Male,Divorced,Sales,Sales Executive,1,Life Sciences,Travel_Rarely,21,4,12054,13,No,12,5,0,1,5,2,2,2,3,2,2,3,3,No
1052,38,Male,Married,Research & Development,Research Scientist,3,Other,Travel_Rarely,1,2,8434,19,No,6,2,1,1,0,6,4,0,3,1,3,2,3,No
1053,42,Male,Married,Research & Development,Manufacturing Director,2,Human Resources,Travel_Rarely,1,2,7614,17,Yes,13,11,0,1,11,1,3,1,3,2,2,3,3,No
1054,38,Male,Divorced,Research & Development,Manufacturing Director,2,Human Resources,Travel_Frequently,2,2,5958,20,Yes,4,1,1,1,1,2,2,2,3,4,3,3,4,Yes
1055,43,Male,Married,Research & Development,Laboratory Technician,4,Medical,Travel_Rarely,1,4,9749,12,Yes,3,0,0,0,0,2,3,1,1,1,3,3,3,No
1056,24,Female,Single,Research & Development,Manufacturing Director,3,Marketing,Non-Travel,3,4,9131,11,Yes,11,7,0,2,7,4,2,0,2,1,3,1,3,No
1057,19,Female,Married,Research & Development,Laboratory Technician,5,Technical Degree,Travel_Frequently,8,2,4845,11,No,5,0,0,0,0,5,6,1,2,3,3,4,3,No
1058,34,Female,Single,Research & Development,Laboratory Technician,3,Medical,Travel_Rarely,3,2,8276,11,No,3,1,1,1,1,2,5,2,4,3,4,3,3,No
1059,33,Female,Divorced,Sales,Sales Executive,4,Medical,Travel_Frequently,1,4,9627,18,No,17,12,2,1,8,1,2,0,2,4,3,3,3,No
1060,18,Female,Single,Sales,Manager,3,Marketing,Travel_Rarely,8,1,5767,14,No,1,0,0,0,0,3,2,0,2,3,2,1,3,Yes
1061,27,Female,Married,Research & Development,Laboratory Technician,3,Human Resources,Travel_Rarely,5,1,3549,11,No,4,0,0,0,0,5,0,1,3,1,2,3,3,Yes
1062,38,Female,Married,Research & Development,Research Director,3,Technical Degree,Travel_Rarely,13,4,11380,11,No,10,9,1,0,4,4,3,1,2,4,1,4,3,No
1063,46,Male,Single,Research & Development,Research Scientist,3,Human Resources,Travel_Rarely,3,3,10160,17,Yes,25,23,10,3,3,1,2,1,1,1,3,3,3,No
1064,48,Female,Divorced,Sales,Sales Representative,3,Technical Degree,Travel_Rarely,1,3,8042,11,No,19,12,2,4,3,1,5,0,2,2,3,3,3,No
1065,33,Male,Single,Research & Development,Manufacturing Director,2,Human Resources,Travel_Frequently,29,1,4819,18,No,11,4,0,1,3,5,2,0,4,4,1,2,3,No
1066,42,Male,Single,Research & Development,Research Director,3,Medical,Travel_Frequently,13,2,5803,17,No,12,10,0,0,4,0,3,1,4,3,2,3,3,No
1067,47,Male,Single,Research & Development,Research Scientist,5,Marketing,Travel_Rarely,3,1,5280,11,No,8,6,6,2,0,2,5,0,1,1,1,2,3,No
1068,22,Male,Single,Research & Development,Manufacturing Director,3,Marketing,Travel_Rarely,1,1,4077,20,No,7,2,2,1,0,3,4,1,1,4,2,3,3,No
1069,47,Female,Single,Human Resources,HR Manager,3,Technical Degree,Travel_Rarely,3,3,5075,11,No,4,0,0,0,0,3,2,2,4,1,4,2,3,Yes
1070,18,Female,Single,Sales,Sales Representative,4,Life Sciences,Non-Travel,8,1,2655,11,No,5,0,0,0,0,1,1,1,4,2,3,3,3,Yes
1071,39,Male,Divorced,Research & Development,Laboratory Technician,1,Human Resources,Travel_Rarely,4,1,4444,12,No,7,6,6,3,2,4,1,1,2,2,3,4,4,No
1072,51,Male,Married,Sales,Sales Representative,5,Human Resources,Travel_Rarely,15,3,8803,12,Yes,7,3,1,2,0,3,5,0,2,4,3,3,3,Yes
1073,44,Male,Married,Research & Development,Research Director,1,Marketing,Travel_Frequently,8,1,3886,11,Yes,4,2,2,0,2,3,5,1,1,2,3,2,3,Yes
1074,41,Male,Single,Research & Development,Research Director,4,Human Resources,Travel_Rarely,13,4,9949,20,No,10,8,8,1,3,2,5,1,3,4,3,3,3,No
1075,41,Female,Married,Sales,Sales Executive,5,Technical Degree,Travel_Rarely,18,4,9007,13,No,6,1,0,1,0,5,2,3,1,4,3,2,3,No
1076,28,Female,Single,Research & Development,Research Director,4,Other,Travel_Frequently,2,4,8575,11,Yes,4,1,1,1,1,0,4,2,4,3,3,4,3,Yes
1077,21,Female,Married,Sales,Sales Representative,3,Other,Travel_Rarely,29,1,1247,19,No,9,2,0,0,0,3,3,0,1,4,4,3,3,Yes
1078,55,Male,Divorced,Research & Development,Research Director,2,Human Resources,Travel_Frequently,2,4,7762,11,No,7,0,0,0,0,4,2,1,3,3,4,2,3,Yes
1079,38,Male,Married,Research & Development,Laboratory Technician,4,Technical Degree,Travel_Rarely,4,2,6981,13,No,7,2,0,0,1,5,3,0,3,4,2,3,3,Yes
1080,18,Male,Married,Sales,Sales Representative,3,Human Resources,Travel_Rarely,1,2,6047,16,Yes,5,1,0,1,0,5,2,0,3,3,2,3,3,Yes
1081,24,Female,Divorced,Research & Development,Research Scientist,3,Human Resources,Travel_Rarely,7,3,5890,18,No,9,8,8,1,6,1,4,1,1,4,3,1,4,No
1082,26,Male,Married,Research & Development,Research Scientist,3,Human Resources,Travel_Rarely,3,1,3438,13,No,5,0,0,0,0,2,3,0,4,3,3,4,3,Yes
1083,45,Female,Divorced,Research & Development,Research Director,3,Technical Degree,Travel_Rarely,2,2,6742,13,No,8,7,1,0,4,2,2,1,3,4,2,3,3,No
1084,36,Female,Married,Research & Development,Laboratory Technician,3,Marketing,Travel_Rarely,1,2,6016,19,No,5,1,1,1,1,1,3,0,1,1,4,2,4,No
1085,20,Male,Divorced,Research & Development,Research Scientist,5,Human Resources,Travel_Frequently,3,1,3734,25,No,4,4,4,0,2,3,2,1,1,1,4,3,4,No
1086,20,Male,Married,Sales,Manager,3,Life Sciences,Travel_Rarely,1,3,6677,19,No,6,4,2,1,0,3,4,0,4,3,3,2,4,No
1087,31,Female,Single,Research & Development,Research Scientist,2,Other,Non-Travel,4,1,5117,20,No,9,3,3,3,0,4,5,1,3,3,3,3,4,Yes
1088,29,Female,Single,Research & Development,Research Scientist,2,Other,Non-Travel,1,2,7038,18,No,2,1,1,1,1,1,2,3,1,2,3,3,3,Yes
1089,47,Male,Single,Sales,Sales Executive,4,Human Resources,Travel_Frequently,13,2,4412,11,Yes,12,6,0,1,1,3,1,0,3,3,2,2,3,Yes
1090,38,Female,Single,Sales,Manager,1,Marketing,Travel_Frequently,7,2,7502,11,Yes,7,3,0,0,3,5,1,1,4,3,3,3,3,Yes
1091,28,Male,Single,Research & Development,Laboratory Technician,3,Life Sciences,Travel_Rarely,1,2,7263,19,No,7,6,0,1,6,6,3,0,4,1,4,3,3,No
1092,38,Male,Single,Research & Development,Manufacturing Director,3,Marketing,Travel_Frequently,27,1,7839,13,No,20,15,3,0,2,2,1,2,1,3,3,3,3,No
1093,33,Female,Married,Research & Development,Research Scientist,3,Technical Degree,Travel_Rarely,7,3,9924,15,No,1,0,0,0,0,2,4,1,1,3,3,3,3,No
1094,34,Female,Single,Research & Development,Laboratory Technician,3,Marketing,Travel_Rarely,6,1,5494,12,No,3,0,0,0,0,2,1,1,2,2,2,3,3,No
1095,45,Male,Divorced,Sales,Sales Executive,1,Marketing,Travel_Frequently,18,1,2808,18,No,12,7,1,3,0,3,6,1,4,4,3,3,3,No
1096,52,Female,Divorced,Research & Development,Research Scientist,3,Marketing,Travel_Frequently,1,3,9341,11,No,8,5,1,0,4,0,2,0,1,3,3,4,3,No
1097,35,Female,Married,Research & Development,Laboratory Technician,3,Other,Travel_Rarely,4,4,8771,16,No,3,0,0,0,0,3,3,1,1,4,3,3,3,Yes
1098,29,Female,Divorced,Sales,Sales Representative,4,Human Resources,Non-Travel,23,2,6359,17,No,9,3,3,3,0,5,4,0,2,3,3,4,3,No
1099,33,Male,Divorced,Research & Development,Laboratory Technician,1,Human Resources,Travel_Rarely,2,2,6600,18,No,19,12,12,0,5,5,6,3,3,1,1,1,3,No
1100,24,Male,Single,Sales,Sales Executive,2,Human Resources,Travel_Frequently,4,3,6681,11,No,7,4,1,4,0,2,3,0,4,4,3,3,3,Yes
1101,36,Male,Divorced,Sales,Manager,3,Human Resources,Travel_Rarely,11,2,7560,17,Yes,8,8,2,0,0,2,1,0,3,1,2,3,3,No
1102,18,Male,Married,Human Resources,HR Manager,4,Life Sciences,Travel_Rarely,4,1,3459,11,No,3,1,1,1,0,2,2,0,3,2,3,3,3,No
1103,22,Male,Single,Research & Development,Research Scientist,1,Human Resources,Travel_Rarely,5,1,4931,14,Yes,9,2,2,0,0,1,1,1,1,4,2,2,4,No
1104,36,Male,Married,Research & Development,Research Scientist,3,Life Sciences,Travel_Frequently,1,3,8247,13,No,8,6,1,6,3,3,3,0,4,1,3,3,3,No
1105,26,Female,Divorced,Sales,Manager,4,Life Sciences,Travel_Rarely,2,2,4745,17,Yes,6,4,4,0,3,3,2,0,1,2,1,3,3,Yes
1106,35,Female,Divorced,Sales,Manager,3,Technical Degree,Travel_Rarely,8,5,11689,14,No,9,2,2,1,0,2,6,0,1,3,4,2,3,No
1107,28,Female,Married,Research & Development,Manufacturing Director,3,Medical,Travel_Rarely,1,3,7545,11,No,20,15,1,0,1,3,3,0,1,3,3,3,3,No
1108,56,Female,Single,Sales,Manager,3,Other,Travel_Rarely,3,1,4846,14,No,10,4,1,4,1,1,0,1,4,2,3,4,3,No
1109,39,Male,Single,Research & Development,Research Scientist,2,Technical Degree,Travel_Frequently,8,1,1970,21,Yes,7,0,0,0,0,6,1,1,2,2,2,3,3,Yes
1110,45,Male,Divorced,Sales,Sales Representative,4,Other,Travel_Frequently,3,3,11049,11,Yes,13,12,5,1,0,3,1,0,4,3,3,3,4,No
1111,45,Female,Married,Research & Development,Manufacturing Director,4,Life Sciences,Travel_Rarely,1,4,8622,25,No,8,7,7,0,1,4,2,3,3,1,2,2,3,No
1112,48,Male,Single,Research & Development,Research Scientist,1,Life Sciences,Travel_Rarely,14,4,9974,17,No,9,3,3,2,3,1,2,0,3,1,3,2,3,No
1113,28,Female,Divorced,Sales,Sales Executive,2,Other,Travel_Rarely,8,1,1660,11,Yes,2,0,0,0,0,3,2,1,3,2,2,4,3,Yes
1114,49,Female,Married,Research & Development,Research Scientist,2,Human Resources,Travel_Rarely,1,3,8134,20,No,1,1,1,0,1,5,5,0,3,3,4,2,3,No
1115,36,Male,Married,Research & Development,Research Scientist,4,Life Sciences,Travel_Rarely,18,1,5028,11,No,3,0,0,0,0,3,4,0,4,3,4,3,3,No
1116,36,Male,Married,Research & Development,Research Director,1,Technical Degree,Travel_Rarely,1,3,8661,17,No,5,4,1,1,3,8,2,0,1,3,3,3,3,No
1117,40,Female,Married,Sales,Manager,3,Technical Degree,Travel_Rarely,10,4,8085,11,No,6,4,0,0,3,2,2,1,4,2,3,2,4,No
1118,46,Male,Single,Research & Development,Manufacturing Director,4,Technical Degree,Travel_Rarely,11,1,3490,16,No,6,1,1,1,1,6,2,0,1,3,3,3,4,No
1119,36,Male,Single,Research & Development,Laboratory Technician,2,Human Resources,Travel_Frequently,25,1,4381,19,No,14,9,1,1,7,7,3,0,2,1,3,3,3,No
1120,55,Male,Single,Research & Development,Research Scientist,3,Marketing,Travel_Frequently,5,1,6414,12,No,8,3,3,2,0,2,3,1,2,4,2,3,3,No
1121,42,Female,Single,Research & Development,Manufacturing Director,3,Life Sciences,Travel_Frequently,9,2,6239,13,No,10,8,8,5,2,1,3,0,4,3,4,3,3,No
1122,39,Male,Married,Research & Development,Manufacturing Director,4,Marketing,Travel_Frequently,1,1,4715,11,No,3,1,1,1,0,4,2,1,3,4,3,2,3,No
1123,35,Female,Divorced,Sales,Sales Representative,2,Other,Travel_Rarely,1,1,2874,17,Yes,7,0,0,0,0,2,1,0,1,2,3,3,3,Yes
1124,31,Female,Married,Research & Development,Research Scientist,2,Other,Travel_Rarely,1,1,3276,11,No,16,10,1,2,2,4,3,1,3,3,3,3,3,No
1125,38,Female,Married,Research & Development,Manufacturing Director,3,Technical Degree,Non-Travel,5,2,6275,11,No,16,11,5,0,5,1,3,0,3,3,2,3,3,No
1126,40,Male,Married,Research & Development,Research Director,4,Life Sciences,Non-Travel,2,4,9552,16,No,13,11,1,0,0,4,0,1,2,2,4,2,3,No
1127,38,Male,Single,Research & Development,Research Scientist,3,Marketing,Travel_Frequently,1,2,6829,15,No,11,6,2,1,1,3,3,0,4,4,3,3,3,No
1128,18,Male,Married,Sales,Manager,2,Life Sciences,Travel_Frequently,5,1,6345,13,No,14,12,0,3,2,2,3,0,4,1,3,2,3,No
1129,28,Female,Married,Sales,Manager,3,Marketing,Travel_Rarely,7,5,9611,18,No,6,1,1,0,1,3,3,1,4,2,2,4,3,No
1130,46,Female,Married,Research & Development,Research Director,2,Technical Degree,Travel_Rarely,1,5,11642,11,Yes,12,6,0,0,3,2,5,0,3,3,3,3,3,No
1131,48,Female,Single,Research & Development,Manufacturing Director,3,Life Sciences,Non-Travel,10,1,3311,11,No,7,4,4,2,4,6,1,1,3,2,3,2,3,No
1132,34,Female,Divorced,Research & Development,Research Scientist,4,Human Resources,Travel_Rarely,1,1,4158,12,No,7,2,0,1,1,4,3,3,1,3,3,2,3,Yes
1133,23,Male,Married,Sales,Sales Executive,3,Life Sciences,Travel_Frequently,3,3,7839,15,Yes,12,8,1,0,0,2,2,1,1,3,2,3,3,Yes
1134,44,Male,Married,Research & Development,Laboratory Technician,1,Medical,Travel_Rarely,5,1,2935,11,No,1,0,0,0,0,1,3,0,4,1,3,3,3,No
1135,52,Female,Single,Research & Development,Research Director,2,Other,Travel_Frequently,1,2,4571,11,No,3,0,0,0,0,1,2,0,1,2,4,2,3,No
1136,31,Male,Married,Research & Development,Laboratory Technician,3,Other,Travel_Rarely,14,2,6146,11,Yes,9,2,2,2,2,2,4,0,4,2,4,3,3,No
1137,30,Male,Divorced,Sales,Sales Representative,3,Life Sciences,Travel_Rarely,8,1,4826,11,No,6,0,0,0,0,4,4,0,3,3,4,3,3,No
1138,54,Male,Single,Research & Development,Laboratory Technician,2,Life Sciences,Non-Travel,16,2,4950,19,Yes,4,2,0,0,0,2,3,1,3,2,3,1,3,Yes
1139,30,Male,Single,Sales,Manager,1,Medical,Travel_Rarely,4,1,3845,11,No,17,10,0,0,0,4,2,0,4,4,3,3,3,No
1140,39,Male,Divorced,Research & Development,Manufacturing Director,3,Marketing,Travel_Frequently,2,1,5824,16,No,17,11,1,0,1,1,3,3,1,3,2,1,3,No
1141,42,Male,Married,Sales,Sales Representative,5,Marketing,Travel_Rarely,11,2,7118,11,No,9,2,2,2,2,2,4,0,2,4,3,3,3,No
1142,30,Male,Married,Research & Development,Laboratory Technician,4,Medical,Travel_Rarely,1,1,2719,18,No,9,2,0,0,1,0,4,1,4,2,1,2,3,No
1143,37,Male,Single,Research & Development,Research Director,3,Technical Degree,Travel_Rarely,12,3,7575,11,No,7,6,2,0,2,1,5,1,1,4,3,3,3,No
1144,46,Female,Married,Research & Development,Research Scientist,3,Technical Degree,Travel_Rarely,6,3,9485,21,Yes,11,7,0,1,3,3,1,0,4,2,3,3,3,No
1145,26,Female,Married,Sales,Sales Executive,5,Human Resources,Travel_Rarely,6,3,7613,11,No,5,0,0,0,0,3,1,0,2,3,3,2,3,No
1146,35,Male,Married,Research & Development,Research Scientist,3,Human Resources,Travel_Rarely,9,5,11771,14,No,12,7,6,3,3,3,2,0,4,2,3,3,3,No
1147,23,Female,Single,Human Resources,Human Resources,1,Marketing,Travel_Rarely,5,1,4199,12,No,2,1,1,1,1,7,5,2,3,1,4,1,4,No
1148,47,Male,Single,Research & Development,Research Scientist,5,Marketing,Travel_Rarely,3,1,2806,14,Yes,7,2,2,2,0,3,3,0,4,4,3,4,3,Yes
1149,50,Female,Divorced,Sales,Sales Executive,2,Life Sciences,Travel_Rarely,3,1,6508,22,Yes,7,6,0,1,6,1,3,2,2,1,2,2,3,Yes
1150,40,Female,Single,Research & Development,Manufacturing Director,4,Life Sciences,Travel_Rarely,1,1,4874,11,No,5,4,4,0,4,2,2,2,4,2,3,3,3,No
1151,30,Male,Married,Research & Development,Laboratory Technician,1,Human Resources,Travel_Rarely,1,2,5386,20,Yes,4,3,3,2,2,5,3,0,4,4,3,3,3,Yes
1152,38,Male,Married,Sales,Manager,2,Marketing,Travel_Rarely,8,3,8245,11,No,4,2,0,1,2,0,2,0,4,4,4,2,3,No
1153,38,Male,Married,Sales,Sales Representative,5,Medical,Travel_Rarely,14,3,5795,13,No,0,0,0,0,0,1,3,0,3,1,1,3,3,No
1154,32,Female,Divorced,Research & Development,Research Director,5,Marketing,Non-Travel,6,1,4395,12,No,4,0,0,0,0,5,2,0,3,3,4,1,3,Yes
1155,31,Female,Married,Research & Development,Laboratory Technician,3,Marketing,Travel_Rarely,1,2,7940,11,No,21,15,6,1,1,5,1,1,3,3,4,2,3,No
1156,34,Male,Single,Research & Development,Manufacturing Director,2,Life Sciences,Travel_Rarely,3,1,4197,20,Yes,2,0,0,0,0,1,3,0,3,3,3,3,3,Yes
1157,35,Female,Single,Sales,Sales Representative,1,Other,Travel_Rarely,1,2,5983,18,No,7,0,0,0,0,5,3,0,3,4,2,1,4,No
1158,38,Male,Married,Research & Development,Laboratory Technician,1,Life Sciences,Travel_Rarely,1,1,5548,11,No,6,3,0,0,0,5,3,1,4,2,2,2,3,No
1159,34,Male,Divorced,Research & Development,Research Director,4,Medical,Travel_Rarely,5,2,6231,18,No,4,1,1,0,1,1,1,0,4,3,3,1,3,No
1160,34,Female,Married,Research & Development,Manufacturing Director,3,Marketing,Travel_Frequently,8,2,6271,17,No,3,1,1,1,1,3,4,1,4,1,3,3,3,No
1161,31,Female,Single,Research & Development,Laboratory Technician,3,Other,Travel_Rarely,3,1,4757,13,Yes,7,5,2,2,3,3,4,1,1,1,3,1,3,Yes
1162,43,Male,Single,Research & Development,Research Scientist,2,Technical Degree,Travel_Rarely,13,2,5017,24,No,9,5,1,4,0,3,3,0,4,4,2,3,3,No
1163,43,Female,Divorced,Research & Development,Research Director,2,Life Sciences,Travel_Rarely,29,5,12094,25,No,30,26,7,1,1,2,1,1,2,2,3,3,4,No
1164,57,Male,Divorced,Research & Development,Manufacturing Director,3,Medical,Travel_Rarely,1,1,4751,14,No,6,0,0,0,0,3,5,0,1,2,3,2,3,No
1165,25,Female,Married,Sales,Sales Executive,1,Medical,Non-Travel,1,1,2102,16,No,2,1,0,0,1,0,3,1,1,3,3,3,3,Yes
1166,40,Female,Divorced,Research & Development,Laboratory Technician,5,Technical Degree,Travel_Rarely,15,1,2733,15,No,8,6,1,4,6,6,4,1,1,2,3,3,4,No
1167,41,Male,Single,Sales,Sales Executive,5,Life Sciences,Travel_Frequently,2,1,3238,15,Yes,7,0,0,0,0,5,5,1,4,3,1,3,4,Yes
1168,59,Male,Married,Research & Development,Manufacturing Director,3,Marketing,Travel_Rarely,4,5,12171,19,No,4,1,1,1,1,5,3,1,1,4,3,3,3,No
1169,25,Female,Divorced,Research & Development,Research Scientist,2,Medical,Travel_Frequently,7,5,9850,11,No,3,2,0,1,0,3,2,0,3,4,3,3,3,No
1170,42,Male,Married,Research & Development,Research Scientist,3,Human Resources,Travel_Rarely,1,4,7566,12,No,5,1,0,1,1,2,2,2,2,1,3,3,3,No
1171,30,Female,Married,Sales,Sales Representative,1,Marketing,Travel_Rarely,3,4,10720,15,No,2,1,1,1,1,4,4,1,2,4,3,3,3,No
1172,44,Female,Married,Research & Development,Research Scientist,1,Life Sciences,Travel_Rarely,1,2,6663,12,No,9,4,1,0,1,5,6,1,2,2,3,3,3,Yes
1173,36,Male,Married,Sales,Sales Representative,2,Other,Travel_Frequently,10,3,8447,13,No,20,13,2,0,4,4,4,2,3,2,3,1,4,No
1174,30,Female,Married,Sales,Manager,3,Human Resources,Travel_Rarely,8,4,9782,15,No,5,1,0,1,0,2,3,2,2,2,3,2,3,Yes
1175,40,Male,Single,Research & Development,Research Scientist,4,Technical Degree,Travel_Rarely,7,1,4354,12,No,11,5,2,1,1,4,3,2,2,1,3,3,3,No
1176,48,Female,Single,Research & Development,Research Scientist,4,Medical,Travel_Rarely,1,3,6710,12,Yes,7,6,1,1,6,1,4,2,3,3,3,3,3,No
1177,47,Female,Single,Research & Development,Research Scientist,1,Human Resources,Travel_Rarely,4,2,5704,11,No,11,4,1,0,0,3,3,0,2,3,4,3,3,No
1178,38,Male,Married,Sales,Sales Representative,3,Medical,Travel_Rarely,2,3,8497,16,No,10,9,2,3,0,0,2,1,4,4,1,3,4,No
1179,28,Male,Single,Sales,Sales Executive,3,Technical Degree,Travel_Rarely,2,3,6663,16,No,9,7,1,0,0,0,2,0,4,3,2,3,3,No
1180,40,Female,Married,Research & Development,Research Director,2,Marketing,Travel_Frequently,21,1,7381,11,Yes,19,14,3,5,0,2,2,3,3,4,4,1,3,Yes
1181,34,Male,Divorced,Research & Development,Laboratory Technician,5,Marketing,Travel_Rarely,1,1,6057,11,Yes,7,7,1,3,0,3,6,0,2,4,2,2,3,Yes
1182,40,Female,Divorced,Research & Development,Manufacturing Director,1,Other,Non-Travel,3,2,6446,11,No,9,2,2,2,2,3,3,0,3,4,2,3,3,No
1183,32,Male,Single,Sales,Manager,4,Medical,Travel_Rarely,8,3,8517,14,No,3,0,0,0,0,4,2,0,2,1,3,4,3,Yes
1184,39,Male,Married,Sales,Sales Executive,2,Life Sciences,Non-Travel,4,1,4544,16,No,4,3,1,0,2,5,2,3,3,3,3,3,4,No
1185,29,Male,Married,Sales,Sales Executive,3,Human Resources,Travel_Rarely,2,3,7579,17,No,6,0,0,0,0,2,3,1,2,2,3,3,4,Yes
1186,53,Male,Single,Research & Development,Laboratory Technician,1,Technical Degree,Travel_Rarely,1,1,6042,16,No,4,0,0,0,0,3,2,1,4,3,3,3,3,No
1187,29,Male,Single,Sales,Sales Executive,2,Other,Travel_Frequently,5,1,4730,11,No,2,0,0,0,0,3,5,0,4,3,3,3,3,No
1188,28,Female,Married,Research & Development,Manufacturing Director,2,Technical Degree,Travel_Frequently,1,2,4392,12,No,6,0,0,0,0,3,2,1,4,3,3,3,4,No
1189,23,Female,Married,Sales,Manager,1,Marketing,Travel_Rarely,1,1,3909,14,No,7,4,2,0,4,3,2,1,2,4,3,1,3,Yes
1190,46,Female,Single,Research & Development,Research Director,3,Life Sciences,Travel_Rarely,1,2,7058,24,No,2,1,1,0,1,3,3,1,3,3,3,1,3,No
1191,18,Female,Married,Research & Development,Manufacturing Director,2,Technical Degree,Travel_Frequently,21,1,4396,18,No,11,6,0,0,0,2,2,1,3,3,1,3,3,No
1192,31,Male,Single,Human Resources,Human Resources,2,Other,Travel_Rarely,16,2,6326,12,No,9,3,0,3,0,5,1,2,2,3,2,3,4,No
1193,39,Male,Divorced,Research & Development,Research Director,3,Marketing,Non-Travel,14,3,8822,11,No,20,18,0,3,5,0,1,1,3,3,2,3,3,No
1194,40,Female,Single,Research & Development,Manufacturing Director,3,Technical Degree,Non-Travel,1,3,8582,19,No,7,2,1,2,1,7,1,0,1,2,3,2,3,No
1195,41,Female,Married,Research & Development,Laboratory Technician,3,Other,Travel_Rarely,3,3,8216,11,No,4,0,0,0,0,5,2,0,1,3,4,3,3,No
1196,37,Female,Single,Research & Development,Laboratory Technician,2,Medical,Travel_Frequently,9,1,6418,11,No,19,16,2,0,9,2,3,1,4,1,3,3,3,No
1197,32,Female,Single,Research & Development,Manufacturing Director,2,Human Resources,Travel_Frequently,1,3,6885,11,Yes,10,3,3,0,2,2,5,1,4,3,3,3,3,No
1198,34,Male,Married,Sales,Sales Executive,2,Marketing,Travel_Rarely,1,1,2139,11,No,0,0,0,0,0,2,1,0,4,3,2,2,3,Yes
1199,47,Female,Married,Research & Development,Research Director,3,Medical,Non-Travel,8,4,11395,11,Yes,27,21,3,0,0,4,2,2,2,4,3,3,3,Yes
1200,38,Female,Divorced,Research & Development,Laboratory Technician,2,Human Resources,Travel_Rarely,4,2,5514,15,Yes,13,11,8,7,0,5,2,3,4,2,3,4,3,Yes
1201,32,Female,Single,Sales,Sales Executive,5,Medical,Travel_Rarely,7,1,5198,14,Yes,6,0,0,0,0,5,1,1,1,3,3,3,3,No
1202,19,Male,Married,Research & Development,Laboratory Technician,4,Life Sciences,Travel_Rarely,4,2,6045,14,Yes,8,4,1,2,4,3,6,0,3,2,2,3,4,No
1203,34,Male,Married,Research & Development,Manufacturing Director,3,Life Sciences,Travel_Rarely,10,1,4530,12,No,11,8,2,2,2,0,4,2,1,3,3,3,3,No
1204,37,Male,Divorced,Sales,Sales Representative,3,Medical,Travel_Rarely,10,1,4896,12,No,9,3,0,1,3,3,1,0,3,4,3,3,3,No
1205,29,Female,Divorced,Research & Development,Manufacturing Director,3,Life Sciences,Travel_Rarely,4,3,8882,20,No,16,16,10,1,0,1,3,0,3,3,4,1,3,Yes
1206,30,Female,Married,Research & Development,Research Director,2,Medical,Travel_Frequently,29,3,6999,15,No,3,2,2,2,2,5,5,2,2,2,3,3,3,Yes
1207,39,Female,Married,Research & Development,Laboratory Technician,2,Life Sciences,Non-Travel,4,1,2524,14,No,3,3,2,0,3,4,1,1,4,3,3,1,3,No
1208,18,Male,Married,Sales,Manager,3,Human Resources,Travel_Rarely,2,2,7525,13,Yes,3,0,0,0,0,1,4,0,3,3,2,3,4,No
1209,31,Male,Single,Sales,Sales Executive,4,Life Sciences,Travel_Rarely,12,2,6125,15,Yes,8,2,0,2,2,4,6,1,4,4,2,3,3,No
1210,43,Female,Married,Research & Development,Research Scientist,4,Marketing,Travel_Rarely,7,5,10298,12,No,11,4,4,1,4,3,2,0,2,1,3,3,3,No
1211,36,Male,Married,Research & Development,Research Scientist,5,Life Sciences,Travel_Rarely,19,4,7545,11,No,4,3,3,2,3,5,2,1,4,2,4,2,3,No
1212,36,Female,Single,Research & Development,Manufacturing Director,3,Marketing,Travel_Frequently,14,1,3158,11,No,6,4,3,3,0,4,5,2,3,1,1,2,3,No
1213,28,Male,Single,Research & Development,Manufacturing Director,3,Technical Degree,Travel_Frequently,1,1,6847,12,No,31,27,3,0,2,3,4,0,2,2,2,3,3,Yes
1214,38,Female,Single,Sales,Sales Representative,3,Other,Travel_Rarely,1,3,7605,16,Yes,5,0,0,0,0,2,2,3,2,4,2,1,3,Yes
1215,40,Female,Married,Sales,Sales Representative,1,Human Resources,Travel_Rarely,2,3,8570,20,No,8,4,0,2,3,2,5,2,2,2,2,3,3,No
1216,20,Male,Single,Research & Development,Research Scientist,3,Medical,Travel_Rarely,5,3,7310,11,Yes,0,0,0,0,0,2,3,2,2,1,3,3,3,No
1217,33,Female,Married,Research & Development,Laboratory Technician,3,Other,Travel_Rarely,8,1,5667,11,No,16,9,9,6,1,4,3,0,4,2,3,3,3,No
1218,43,Female,Single,Research & Development,Research Director,2,Medical,Travel_Rarely,12,2,5472,15,No,8,3,3,0,0,1,2,1,3,4,4,3,3,No
1219,18,Female,Married,Research & Development,Research Scientist,5,Life Sciences,Travel_Rarely,4,2,6419,16,Yes,2,0,0,0,0,7,1,3,3,1,2,3,3,Yes
1220,43,Female,Married,Research & Development,Laboratory Technician,3,Life Sciences,Travel_Rarely,23,2,3963,17,No,0,0,0,0,0,6,2,0,3,3,2,4,3,No
1221,45,Male,Single,Research & Development,Manufacturing Director,3,Medical,Travel_Frequently,8,1,6718,16,No,8,5,0,0,1,3,1,3,2,3,4,3,4,No
1222,34,Male,Married,Research & Development,Research Scientist,4,Technical Degree,Travel_Frequently,10,1,3365,11,Yes,4,1,1,1,0,5,5,0,4,4,2,3,3,Yes
1223,33,Female,Divorced,Research & Development,Manufacturing Director,1,Life Sciences,Travel_Frequently,6,2,7712,17,No,33,28,1,2,0,4,5,3,1,4,2,3,4,No
1224,40,Female,Married,Research & Development,Research Scientist,3,Technical Degree,Travel_Rarely,1,1,4278,14,Yes,1,0,0,0,0,2,1,1,2,3,4,2,3,Yes
1225,34,Female,Married,Research & Development,Research Scientist,4,Technical Degree,Travel_Frequently,19,4,9632,21,Yes,12,5,0,4,0,6,3,0,1,4,3,3,3,Yes
1226,39,Male,Divorced,Research & Development,Laboratory Technician,3,Marketing,Travel_Rarely,17,2,6252,11,No,4,4,0,0,2,2,2,0,3,3,2,3,3,Yes
1227,30,Male,Married,Sales,Sales Representative,2,Other,Travel_Rarely,3,3,6406,14,No,4,4,1,2,1,5,5,0,3,1,3,4,3,No
1228,31,Female,Married,Research & Development,Laboratory Technician,4,Marketing,Travel_Rarely,11,4,11479,11,No,4,0,0,0,0,2,5,1,2,3,3,2,3,No
1229,37,Male,Single,Research & Development,Research Scientist,3,Other,Travel_Rarely,5,1,1724,23,No,11,8,0,2,0,2,2,1,4,3,3,3,4,No
1230,29,Female,Married,Sales,Sales Representative,3,Medical,Travel_Rarely,1,2,4798,11,Yes,5,2,1,0,2,3,5,0,2,3,3,2,3,Yes
1231,54,Male,Single,Sales,Manager,1,Medical,Travel_Frequently,2,3,9484,17,Yes,10,6,0,3,1,5,4,1,2,2,3,1,3,Yes
1232,27,Male,Divorced,Research & Development,Research Scientist,2,Human Resources,Travel_Rarely,2,4,9161,19,Yes,4,3,1,0,3,2,4,0,3,2,2,3,3,No
1233,36,Female,Single,Research & Development,Laboratory Technician,3,Technical Degree,Travel_Frequently,1,1,3769,16,No,3,2,0,2,2,1,2,1,4,3,4,3,3,No
1234,21,Male,Single,Sales,Sales Executive,1,Other,Travel_Rarely,28,4,8666,13,No,8,4,2,1,2,1,2,0,3,1,3,2,3,No
1235,38,Male,Divorced,Research & Development,Laboratory Technician,2,Other,Travel_Rarely,1,1,5200,20,Yes,7,1,0,0,0,2,4,1,3,1,2,2,3,No
1236,34,Male,Single,Research & Development,Research Scientist,5,Other,Travel_Frequently,7,5,12450,12,Yes,9,8,8,0,8,3,3,1,2,3,3,4,3,No
1237,37,Female,Single,Sales,Sales Representative,2,Medical,Travel_Rarely,5,4,12029,12,No,15,9,1,1,0,2,5,0,1,2,3,2,4,No
1238,38,Male,Single,Research & Development,Manufacturing Director,2,Human Resources,Travel_Rarely,3,3,8723,11,Yes,8,3,0,3,1,2,2,2,2,3,4,4,3,No
1239,38,Female,Married,Research & Development,Laboratory Technician,2,Human Resources,Travel_Rarely,1,1,3604,11,No,1,1,0,1,0,2,4,2,2,4,2,1,4,No
1240,50,Male,Married,Research & Development,Manufacturing Director,3,Technical Degree,Travel_Rarely,9,1,3795,12,Yes,4,1,0,0,1,0,3,0,3,3,3,2,3,Yes
1241,18,Male,Married,Research & Development,Manufacturing Director,3,Technical Degree,Travel_Rarely,6,1,2791,13,No,8,6,6,4,1,1,1,1,4,4,3,3,4,Yes
1242,46,Female,Single,Research & Development,Research Director,2,Marketing,Non-Travel,6,4,11200,13,No,15,9,5,2,1,4,2,0,2,4,2,3,3,No
1243,30,Male,Single,Research & Development,Manufacturing Director,2,Life Sciences,Travel_Rarely,1,1,3906,12,No,13,10,0,3,0,1,4,0,2,4,3,3,3,No
1244,35,Female,Divorced,Research & Development,Manufacturing Director,3,Other,Travel_Rarely,6,1,5666,17,No,14,7,1,0,1,4,2,1,1,3,3,2,3,No
1245,33,Female,Single,Research & Development,Manufacturing Director,2,Medical,Travel_Rarely,3,3,7871,11,Yes,5,4,0,1,0,0,2,1,4,4,3,1,3,Yes
1246,18,Female,Married,Human Resources,Human Resources,2,Life Sciences,Travel_Rarely,3,1,3900,11,No,14,9,0,0,3,3,1,0,3,3,4,3,3,Yes
1247,46,Female,Single,Research & Development,Research Director,1,Life Sciences,Travel_Rarely,2,2,6971,18,No,15,14,0,2,6,2,3,1,4,1,4,2,4,No
1248,43,Male,Single,Sales,Manager,4,Human Resources,Travel_Frequently,2,1,3785,15,No,6,3,1,0,3,4,4,0,3,3,3,3,3,No
1249,22,Female,Single,Research & Development,Research Director,4,Marketing,Non-Travel,2,1,4170,11,No,4,4,1,0,2,4,2,2,1,4,3,3,4,No
1250,30,Female,Divorced,Research & Development,Research Director,2,Medical,Travel_Rarely,2,1,4330,15,No,2,0,0,0,0,2,3,1,3,4,2,3,3,No
1251,40,Male,Divorced,Sales,Sales Representative,4,Other,Travel_Rarely,1,2,6711,11,No,3,1,0,0,0,7,2,1,1,2,3,3,4,No
1252,51,Male,Single,Research & Development,Laboratory Technician,2,Medical,Travel_Rarely,1,3,9401,22,Yes,9,5,1,1,0,3,2,0,1,3,2,3,3,No
1253,49,Female,Married,Sales,Manager,2,Other,Travel_Rarely,17,2,5052,11,No,12,12,5,3,4,3,2,0,1,3,3,2,3,No
1254,39,Male,Single,Sales,Sales Representative,2,Life Sciences,Travel_Rarely,1,1,6508,23,No,27,24,4,1,0,4,2,1,3,4,3,3,3,No
1255,45,Male,Married,Human Resources,Human Resources,3,Life Sciences,Travel_Rarely,3,2,7387,11,Yes,6,6,0,6,2,1,3,0,4,3,3,2,3,No
1256,43,Female,Divorced,Research & Development,Research Scientist,3,Life Sciences,Travel_Rarely,10,1,4266,17,Yes,6,1,1,0,1,4,2,1,1,4,3,3,3,Yes
1257,28,Female,Married,Research & Development,Research Director,2,Human Resources,Travel_Rarely,8,1,3428,12,No,7,4,2,2,1,2,2,0,3,2,3,2,3,No
1258,30,Female,Married,Research & Development,Manufacturing Director,2,Marketing,Travel_Rarely,17,5,9675,21,Yes,9,5,2,0,5,4,2,2,2,3,3,4,3,No
1259,35,Male,Married,Research & Development,Research Scientist,3,Medical,Travel_Frequently,1,5,11113,17,No,8,1,1,1,1,2,3,1,4,1,3,2,3,No
1260,27,Female,Divorced,Research & Development,Research Scientist,3,Human Resources,Travel_Frequently,26,1,4193,11,No,4,3,1,0,2,1,3,0,4,2,3,3,3,No
1261,41,Male,Married,Research & Development,Manufacturing Director,4,Life Sciences,Travel_Rarely,11,3,7389,23,Yes,6,6,6,2,3,2,2,2,4,4,4,3,3,Yes
1262,31,Male,Divorced,Research & Development,Manufacturing Director,4,Life Sciences,Travel_Rarely,1,1,2381,13,No,4,3,0,2,1,3,3,2,3,3,3,3,3,No
1263,32,Female,Divorced,Sales,Sales Representative,2,Human Resources,Travel_Frequently,1,3,8898,14,Yes,5,1,1,1,0,4,2,2,3,2,2,2,3,No
1264,44,Female,Divorced,Research & Development,Laboratory Technician,3,Life Sciences,Travel_Rarely,1,5,10618,15,No,5,0,0,0,0,1,2,1,3,1,1,3,3,No
1265,48,Male,Married,Research & Development,Research Director,1,Technical Degree,Travel_Rarely,10,3,8558,19,No,15,9,3,6,2,6,3,0,2,2,3,3,4,No
1266,30,Female,Married,Research & Development,Research Scientist,2,Marketing,Travel_Frequently,7,1,4955,15,No,10,4,4,1,4,2,4,0,3,3,3,2,4,No
1267,30,Female,Married,Research & Development,Research Scientist,2,Human Resources,Travel_Rarely,9,5,9196,15,Yes,8,5,0,0,3,1,3,2,4,4,2,2,3,No
1268,43,Female,Married,Sales,Sales Representative,2,Human Resources,Non-Travel,13,3,8829,11,Yes,5,2,1,2,2,4,2,0,3,1,3,2,3,No
1269,40,Male,Married,Sales,Manager,4,Human Resources,Non-Travel,2,3,8691,14,No,5,1,1,1,0,1,2,1,3,3,1,3,3,No
1270,43,Male,Single,Research & Development,Research Director,4,Other,Travel_Rarely,9,5,10229,13,Yes,5,1,1,1,0,1,1,0,4,4,2,1,3,No
1271,41,Female,Married,Research & Development,Manufacturing Director,3,Medical,Non-Travel,15,1,4050,21,Yes,4,1,1,1,1,3,2,1,3,2,4,2,3,No
1272,44,Male,Single,Research & Development,Manufacturing Director,3,Other,Travel_Frequently,2,2,5257,13,Yes,4,3,0,0,3,1,6,0,1,2,1,3,3,Yes
1273,45,Male,Married,Research & Development,Manufacturing Director,2,Technical Degree,Travel_Rarely,3,4,10086,15,Yes,13,6,0,4,2,4,4,0,4,2,3,2,3,Yes
1274,26,Male,Single,Sales,Sales Executive,2,Marketing,Travel_Frequently,2,2,4842,15,Yes,7,0,0,0,0,2,3,3,2,3,2,2,3,No
1275,39,Male,Married,Research & Development,Research Scientist,3,Other,Travel_Rarely,1,2,7825,16,No,38,31,6,0,6,1,2,1,4,1,3,2,3,No
1276,38,Male,Single,Research & Development,Research Director,4,Medical,Travel_Rarely,7,1,6692,14,No,23,20,6,0,1,4,5,1,3,1,4,3,3,No
1277,46,Male,Married,Research & Development,Manufacturing Director,4,Other,Travel_Rarely,7,2,5506,11,No,18,16,2,1,3,2,4,2,1,4,3,2,4,No
1278,45,Female,Married,Research & Development,Manufacturing Director,3,Other,Travel_Rarely,17,2,5441,17,Yes,13,9,4,6,6,6,4,1,4,4,1,3,3,Yes
1279,35,Female,Divorced,Research & Development,Research Scientist,4,Human Resources,Travel_Rarely,3,2,5851,12,Yes,11,5,1,1,1,5,3,1,4,1,4,1,3,No
1280,19,Female,Single,Research & Development,Research Scientist,4,Technical Degree,Travel_Rarely,4,4,9173,19,No,9,2,2,2,0,4,2,1,4,3,4,1,3,No
1281,30,Female,Divorced,Research & Development,Research Scientist,3,Life Sciences,Travel_Frequently,3,2,6140,13,Yes,6,1,1,1,1,4,4,0,3,1,3,2,3,Yes
1282,41,Male,Married,Sales,Sales Representative,3,Other,Travel_Rarely,9,1,5453,15,Yes,7,1,1,1,1,3,2,1,4,4,2,3,3,Yes
1283,26,Male,Single,Research & Development,Manufacturing Director,4,Technical Degree,Travel_Rarely,29,1,4475,15,Yes,6,0,0,0,0,3,2,0,1,4,2,2,3,Yes
1284,43,Female,Single,Research & Development,Manufacturing Director,5,Marketing,Travel_Rarely,1,1,3410,13,Yes,7,7,1,0,6,3,3,0,4,1,3,3,3,Yes
1285,39,Male,Married,Research & Development,Laboratory Technician,3,Other,Non-Travel,2,3,5054,18,No,2,0,0,0,0,2,4,1,1,3,3,3,3,No
1286,38,Female,Divorced,Human Resources,Human Resources,2,Other,Travel_Rarely,11,2,7940,14,Yes,14,8,0,2,0,0,2,0,4,3,2,3,3,Yes
1287,45,Male,Single,Sales,Manager,1,Human Resources,Travel_Rarely,1,1,3241,14,No,20,17,3,3,14,1,3,1,4,4,4,3,3,No
1288,33,Female,Divorced,Research & Development,Manufacturing Director,1,Medical,Travel_Rarely,7,1,3253,11,No,3,1,1,0,1,1,5,0,4,2,3,3,3,No
1289,46,Female,Divorced,Sales,Manager,2,Technical Degree,Travel_Rarely,1,1,2762,12,No,15,10,0,3,0,1,2,0,3,4,1,3,3,Yes
1290,27,Female,Married,Research & Development,Research Scientist,5,Other,Travel_Rarely,15,2,6216,21,No,6,0,0,0,0,5,2,1,1,2,3,3,3,Yes
1291,20,Male,Divorced,Research & Development,Research Director,3,Human Resources,Travel_Rarely,21,4,10691,17,No,6,3,1,1,1,2,6,1,1,1,3,2,4,No
1292,43,Male,Divorced,Research & Development,Laboratory Technician,3,Marketing,Travel_Frequently,1,1,3422,11,Yes,4,0,0,0,0,3,2,0,3,3,2,2,3,Yes
1293,29,Female,Divorced,Research & Development,Manufacturing Director,5,Human Resources,Travel_Rarely,18,1,5280,18,No,13,8,8,0,1,2,3,1,3,4,2,1,3,No
1294,47,Male,Married,Sales,Sales Executive,2,Life Sciences,Travel_Frequently,1,4,8036,11,No,4,0,0,0,0,3,5,0,1,1,4,3,3,No
1295,26,Female,Married,Research & Development,Manufacturing Director,4,Human Resources,Travel_Frequently,4,3,9066,11,Yes,7,3,1,3,3,1,3,0,3,4,3,3,3,No
1296,21,Female,Divorced,Research & Development,Laboratory Technician,3,Technical Degree,Travel_Rarely,12,5,10495,14,Yes,8,2,0,1,1,4,3,0,4,3,3,2,3,Yes
1297,23,Female,Single,Research & Development,Research Scientist,1,Medical,Travel_Rarely,9,1,3024,15,No,3,2,0,0,2,2,2,1,1,1,3,2,3,Yes
1298,49,Male,Single,Research & Development,Research Scientist,3,Human Resources,Travel_Rarely,15,1,2611,14,No,9,3,1,1,3,3,6,2,2,3,3,4,3,No
1299,43,Male,Married,Research & Development,Research Director,3,Other,Travel_Rarely,2,2,5274,23,No,4,2,1,2,2,4,3,1,3,4,3,3,3,No
1300,53,Female,Divorced,Research & Development,Research Director,2,Medical,Travel_Rarely,16,5,11757,11,Yes,5,2,0,2,2,2,2,0,1,2,3,3,3,No
1301,45,Female,Married,Research & Development,Research Scientist,3,Human Resources,Travel_Rarely,5,2,4105,12,No,10,7,0,2,4,3,2,0,4,3,3,3,4,No
1302,45,Male,Divorced,Research & Development,Research Scientist,1,Life Sciences,Non-Travel,2,1,5709,13,No,9,8,3,1,0,2,4,3,3,2,3,2,3,No
1303,32,Male,Single,Research & Development,Research Director,1,Marketing,Travel_Frequently,7,2,4934,11,Yes,5,3,3,1,3,0,3,1,2,1,4,3,3,Yes
1304,31,Male,Single,Research & Development,Research Scientist,3,Other,Travel_Frequently,19,5,12150,12,No,10,3,0,3,0,2,2,1,1,4,3,3,3,Yes
1305,18,Female,Married,Research & Development,Research Director,3,Marketing,Travel_Rarely,3,2,6050,20,No,7,4,4,4,0,3,4,0,1,1,2,3,3,Yes
1306,25,Female,Married,Research & Development,Laboratory Technician,3,Human Resources,Travel_Rarely,14,2,8800,15,No,5,0,0,0,0,4,0,2,1,3,4,2,4,No
1307,29,Female,Married,Research & Development,Laboratory Technician,4,Medical,Travel_Frequently,12,2,6422,13,No,13,6,5,0,4,2,2,0,2,4,2,3,3,No
1308,30,Male,Single,Research & Development,Research Director,3,Technical Degree,Travel_Frequently,1,1,2988,15,No,7,1,1,1,1,7,3,0,2,4,3,3,3,No
1309,41,Male,Single,Research & Development,Manufacturing Director,1,Life Sciences,Travel_Frequently,7,1,5169,11,Yes,6,2,0,0,2,5,2,2,3,3,3,1,4,Yes
1310,28,Female,Married,Research & Development,Research Director,4,Human Resources,Travel_Rarely,1,1,1009,19,Yes,6,1,1,1,1,2,1,0,3,3,3,3,3,Yes
1311,24,Male,Married,Research & Development,Manufacturing Director,3,Medical,Travel_Rarely,1,2,4888,19,No,3,2,2,2,2,0,0,0,3,3,3,3,3,No
1312,18,Female,Single,Research & Development,Research Scientist,3,Human Resources,Travel_Rarely,2,1,4492,20,No,4,0,0,0,0,4,1,0,2,3,3,2,3,No
1313,31,Male,Married,Sales,Sales Representative,2,Technical Degree,Travel_Rarely,1,3,9401,17,No,21,18,0,0,7,6,4,2,3,3,4,4,3,No
1314,35,Male,Married,Research & Development,Research Scientist,3,Marketing,Travel_Frequently,3,5,12858,18,No,13,7,4,0,0,0,4,0,4,3,3,3,4,No
1315,33,Male,Divorced,Research & Development,Research Scientist,3,Other,Travel_Frequently,6,1,4714,12,No,6,1,1,1,1,4,0,0,4,3,3,2,3,No
1316,43,Male,Married,Human Resources,HR Manager,3,Marketing,Travel_Rarely,22,1,4407,20,No,8,3,3,1,2,3,6,0,2,3,3,3,3,No
1317,41,Female,Single,Research & Development,Laboratory Technician,2,Medical,Travel_Rarely,3,3,9080,11,No,9,4,0,0,0,0,4,0,4,4,4,2,3,No
1318,28,Male,Single,Research & Development,Research Director,2,Life Sciences,Travel_Rarely,1,3,8374,16,Yes,12,5,1,2,4,3,2,1,4,4,3,3,4,No
1319,48,Female,Married,Research & Development,Research Scientist,2,Marketing,Travel_Rarely,12,1,6117,11,No,7,3,1,1,3,3,5,0,4,3,4,3,3,No
1320,36,Male,Married,Research & Development,Manufacturing Director,2,Human Resources,Travel_Rarely,4,1,2299,17,No,3,1,1,0,0,5,1,0,4,2,2,2,3,Yes
1321,30,Female,Married,Sales,Sales Executive,5,Life Sciences,Travel_Rarely,8,5,14391,11,No,31,28,6,1,5,8,3,0,1,4,3,3,3,No
1322,32,Female,Single,Research & Development,Research Director,4,Technical Degree,Travel_Rarely,4,2,4681,15,No,2,2,2,0,2,3,3,0,2,3,3,2,4,No
1323,26,Male,Single,Research & Development,Manufacturing Director,5,Technical Degree,Travel_Rarely,2,2,6162,20,No,5,5,2,2,0,4,2,0,2,3,4,2,3,Yes
1324,18,Female,Single,Research & Development,Research Scientist,3,Technical Degree,Travel_Frequently,6,2,6183,21,No,14,7,2,3,3,2,6,2,3,4,1,1,3,No
1325,30,Male,Married,Sales,Sales Representative,3,Other,Travel_Rarely,5,1,5971,16,No,8,5,1,4,3,0,1,0,1,1,2,1,3,No
1326,32,Male,Single,Sales,Sales Representative,3,Medical,Non-Travel,4,2,6124,14,No,10,7,1,1,3,1,3,1,2,3,4,2,3,Yes
1327,28,Female,Divorced,Human Resources,Human Resources,2,Other,Travel_Frequently,1,1,5307,18,No,5,1,1,0,1,3,4,0,1,3,3,3,3,No
1328,28,Male,Single,Research & Development,Manufacturing Director,1,Medical,Travel_Rarely,1,1,4324,11,No,6,4,4,2,0,1,3,1,2,4,2,3,3,No
1329,30,Male,Single,Human Resources,Human Resources,2,Life Sciences,Travel_Rarely,1,4,6779,17,Yes,9,3,0,0,1,2,4,3,2,3,2,2,3,No
1330,36,Male,Single,Human Resources,HR Manager,3,Marketing,Travel_Rarely,4,1,3614,11,No,9,7,0,5,0,2,4,0,1,1,3,3,3,No
1331,43,Male,Divorced,Sales,Sales Representative,3,Life Sciences,Travel_Rarely,6,4,11395,20,No,3,2,2,1,1,1,1,3,2,4,2,2,3,Yes
1332,28,Female,Single,Sales,Sales Representative,3,Marketing,Travel_Frequently,3,3,6720,16,No,10,3,0,0,0,2,4,2,1,1,2,4,3,Yes
1333,40,Male,Divorced,Research & Development,Research Scientist,4,Medical,Non-Travel,9,1,4060,11,No,10,6,0,0,2,6,5,1,4,3,3,3,3,No
1334,46,Male,Divorced,Research & Development,Manufacturing Director,2,Human Resources,Travel_Rarely,2,4,10235,14,No,5,1,0,1,1,1,3,0,4,2,3,3,3,No
1335,27,Male,Married,Research & Development,Manufacturing Director,5,Medical,Travel_Rarely,1,1,3456,16,No,1,1,1,0,0,4,2,0,1,4,3,3,3,No
1336,30,Male,Married,Research & Development,Manufacturing Director,5,Other,Travel_Rarely,16,1,3669,11,No,0,0,0,0,0,4,2,0,2,2,2,3,3,Yes
1337,44,Male,Married,Research & Development,Research Director,1,Marketing,Travel_Rarely,2,2,5013,16,No,3,0,0,0,0,4,2,0,3,2,3,3,4,Yes
1338,45,Male,Married,Research & Development,Manufacturing Director,2,Marketing,Travel_Frequently,8,4,10117,12,No,22,21,0,0,0,1,1,1,3,3,2,1,3,No
1339,33,Male,Married,Research & Development,Research Director,1,Medical,Travel_Frequently,5,2,6502,17,No,14,10,8,0,4,2,3,2,4,2,2,3,3,No
1340,44,Male,Married,Research & Development,Research Director,2,Technical Degree,Travel_Frequently,8,2,6264,20,No,15,9,1,0,3,1,6,2,4,3,3,3,3,No
1341,47,Male,Single,Research & Development,Laboratory Technician,4,Life Sciences,Travel_Rarely,1,5,10588,11,Yes,0,0,0,0,0,4,4,0,3,4,3,1,3,Yes
1342,32,Male,Single,Sales,Sales Representative,3,Other,Travel_Rarely,1,2,6077,20,No,3,2,2,2,2,1,3,3,2,4,3,2,3,No
1343,45,Male,Married,Human Resources,Human Resources,3,Life Sciences,Travel_Rarely,1,4,10889,11,No,13,12,1,1,3,4,2,0,3,2,1,2,3,No
1344,36,Male,Married,Research & Development,Laboratory Technician,4,Technical Degree,Travel_Rarely,1,3,6533,15,No,6,0,0,0,0,1,1,2,3,2,2,3,3,No
1345,30,Female,Single,Research & Development,Laboratory Technician,4,Medical,Travel_Rarely,8,4,8946,18,Yes,9,4,2,0,2,5,4,1,2,4,3,2,3,No
1346,20,Male,Married,Research & Development,Research Scientist,2,Marketing,Travel_Rarely,2,5,12812,14,No,13,8,1,1,0,4,4,2,1,4,3,2,3,No
1347,35,Male,Married,Research & Development,Research Scientist,3,Other,Non-Travel,4,4,10210,16,Yes,10,4,4,0,0,3,2,2,4,1,4,3,3,No
1348,43,Female,Single,Research & Development,Manufacturing Director,1,Marketing,Travel_Frequently,8,2,3837,24,No,16,10,3,2,4,1,3,1,4,3,3,2,3,No
1349,34,Male,Single,Research & Development,Manufacturing Director,3,Technical Degree,Travel_Rarely,6,3,7622,12,No,14,11,0,0,0,4,2,1,1,3,3,3,3,No
1350,30,Male,Married,Research & Development,Research Scientist,3,Other,Travel_Rarely,3,1,3153,14,Yes,10,5,3,1,5,2,2,2,1,3,2,3,3,Yes
1351,35,Male,Married,Research & Development,Manufacturing Director,3,Technical Degree,Travel_Frequently,7,1,4083,19,No,11,5,0,3,1,2,2,0,4,3,3,3,3,No
1352,37,Male,Divorced,Sales,Sales Executive,4,Technical Degree,Travel_Rarely,14,2,5839,11,No,3,3,0,1,3,5,1,0,3,1,3,2,3,No
1353,36,Male,Married,Research & Development,Research Director,1,Life Sciences,Travel_Rarely,17,3,8281,20,Yes,17,13,3,0,0,8,2,1,4,3,2,3,3,Yes
1354,44,Female,Married,Research & Development,Research Director,3,Medical,Travel_Rarely,12,2,4883,23,No,5,1,1,1,0,3,2,0,1,2,3,1,3,No
1355,42,Female,Single,Research & Development,Research Scientist,3,Other,Travel_Rarely,16,3,7673,16,No,5,5,3,0,2,2,4,1,1,4,4,1,3,No
1356,47,Male,Married,Research & Development,Laboratory Technician,4,Medical,Travel_Rarely,1,3,7787,13,No,7,2,0,0,2,3,1,0,3,2,3,3,3,Yes
1357,34,Female,Single,Sales,Manager,5,Life Sciences,Travel_Rarely,1,1,4772,12,No,6,3,1,0,0,2,3,0,3,4,2,3,3,No
1358,45,Female,Single,Human Resources,HR Manager,2,Other,Travel_Rarely,6,4,13590,11,Yes,7,6,6,3,1,3,3,0,2,4,3,2,3,Yes
1359,48,Female,Single,Research & Development,Research Director,3,Life Sciences,Travel_Rarely,1,2,3963,14,No,5,4,3,1,3,7,1,1,4,4,3,2,4,No
1360,37,Female,Single,Research & Development,Research Scientist,2,Marketing,Travel_Rarely,28,1,4113,19,No,2,1,1,0,1,3,1,1,1,2,2,3,3,Yes
1361,33,Female,Married,Research & Development,Manufacturing Director,3,Marketing,Travel_Rarely,4,1,6872,17,Yes,12,5,4,0,1,2,2,1,2,2,3,4,3,No
1362,33,Female,Single,Sales,Manager,1,Life Sciences,Travel_Rarely,1,1,3537,21,Yes,4,4,4,0,4,1,4,2,1,3,3,2,3,No
1363,51,Male,Single,Research & Development,Laboratory Technician,3,Medical,Travel_Rarely,2,2,6498,18,Yes,0,0,0,0,0,3,2,1,4,4,4,3,3,No
1364,31,Female,Single,Research & Development,Manufacturing Director,3,Human Resources,Travel_Rarely,11,1,5139,15,No,4,0,0,0,0,2,3,0,2,4,3,1,4,No
1365,29,Male,Married,Research & Development,Research Scientist,3,Marketing,Travel_Frequently,7,1,3478,15,No,4,3,0,1,0,2,3,0,2,1,2,4,3,Yes
1366,38,Female,Married,Sales,Manager,2,Technical Degree,Travel_Rarely,13,3,7981,14,No,23,23,1,0,3,1,3,0,2,4,3,3,3,Yes
1367,42,Male,Married,Research & Development,Laboratory Technician,3,Medical,Travel_Rarely,26,3,6152,14,Yes,7,1,1,1,1,6,2,0,2,3,3,4,4,No
1368,35,Female,Married,Sales,Sales Executive,3,Technical Degree,Travel_Frequently,21,4,10641,14,Yes,8,7,0,1,2,5,5,1,1,4,4,4,3,Yes
1369,53,Male,Single,Sales,Sales Executive,2,Medical,Travel_Rarely,9,1,4920,14,Yes,15,11,0,0,5,2,2,0,4,3,3,3,4,Yes
1370,37,Female,Single,Human Resources,HR Manager,2,Marketing,Travel_Frequently,17,1,5115,12,No,20,17,1,6,2,2,4,0,2,4,2,3,3,No
1371,37,Female,Single,Research & Development,Laboratory Technician,2,Medical,Travel_Rarely,10,4,9021,12,No,26,19,2,4,6,3,2,1,3,2,2,3,3,No
1372,31,Female,Married,Sales,Sales Representative,3,Medical,Travel_Frequently,2,1,3679,15,No,2,0,0,0,0,4,2,0,4,2,3,3,3,No
1373,34,Female,Married,Research & Development,Research Scientist,2,Marketing,Travel_Rarely,3,3,4345,11,No,7,5,0,0,5,2,2,2,4,2,3,2,3,No
1374,21,Female,Single,Sales,Manager,3,Marketing,Travel_Frequently,8,5,9773,16,No,5,0,0,0,0,3,4,0,4,3,2,3,3,Yes
1375,41,Male,Married,Human Resources,HR Manager,3,Other,Travel_Frequently,5,2,5879,19,Yes,5,3,3,1,2,2,1,1,1,3,3,4,3,Yes
1376,36,Male,Married,Research & Development,Research Director,1,Medical,Travel_Rarely,27,2,5182,18,No,14,7,2,2,0,3,2,0,3,4,2,3,3,No
1377,48,Male,Single,Research & Development,Manufacturing Director,2,Medical,Travel_Rarely,1,3,5775,13,No,9,3,2,0,0,2,4,1,2,1,3,4,3,No
1378,25,Female,Married,Research & Development,Laboratory Technician,3,Technical Degree,Travel_Rarely,4,4,9872,18,Yes,14,12,4,2,1,0,0,1,4,3,2,4,3,Yes
1379,32,Female,Single,Research & Development,Manufacturing Director,3,Marketing,Travel_Rarely,2,4,10552,11,No,3,1,0,1,0,1,5,1,4,3,4,2,3,No
1380,35,Male,Married,Research & Development,Manufacturing Director,3,Medical,Travel_Frequently,22,3,5526,17,No,8,3,2,1,3,1,4,0,3,4,2,3,3,No
1381,40,Male,Divorced,Research & Development,Research Scientist,3,Life Sciences,Travel_Rarely,3,3,6734,15,No,16,14,3,0,3,1,2,2,1,2,4,3,3,Yes
1382,47,Female,Divorced,Research & Development,Research Scientist,1,Life Sciences,Travel_Rarely,9,3,5758,17,No,2,1,0,1,0,1,2,0,4,3,3,4,3,Yes
1383,26,Male,Divorced,Sales,Sales Executive,3,Human Resources,Travel_Rarely,1,1,6513,14,Yes,7,1,1,0,1,2,0,0,1,2,3,3,3,No
1384,43,Female,Married,Research & Development,Laboratory Technician,3,Other,Travel_Rarely,18,3,7321,21,Yes,6,2,2,2,1,1,6,0,3,4,3,1,3,No
1385,45,Female,Married,Research & Development,Research Director,1,Life Sciences,Travel_Rarely,4,5,10345,16,No,17,10,7,0,3,7,3,1,1,4,3,3,3,No
1386,44,Male,Single,Research & Development,Laboratory Technician,4,Other,Travel_Rarely,1,3,7162,16,No,8,3,1,0,2,2,0,2,3,2,3,2,3,No
1387,36,Female,Married,Research & Development,Research Scientist,3,Life Sciences,Travel_Rarely,23,1,3299,11,Yes,20,14,2,0,2,6,2,1,1,2,2,3,3,No
1388,27,Male,Married,Research & Development,Research Director,3,Technical Degree,Travel_Frequently,7,1,4173,18,Yes,13,11,7,0,3,3,1,2,1,3,4,2,3,Yes
1389,39,Male,Single,Sales,Sales Executive,3,Human Resources,Travel_Rarely,16,2,4673,19,No,5,1,0,1,1,2,6,2,3,2,3,4,3,No
1390,21,Male,Divorced,Research & Development,Laboratory Technician,3,Marketing,Travel_Frequently,4,2,6696,19,No,16,11,3,2,6,2,0,0,4,3,2,3,3,No
1391,35,Male,Married,Sales,Sales Representative,3,Marketing,Travel_Rarely,3,1,4860,18,No,13,6,0,0,5,6,2,0,2,3,3,2,3,No
1392,48,Male,Married,Research & Development,Manufacturing Director,4,Medical,Travel_Rarely,1,2,4699,17,No,2,0,0,0,0,5,2,0,2,1,4,3,3,Yes
1393,39,Male,Married,Sales,Manager,1,Other,Travel_Rarely,3,3,6992,13,No,3,1,1,1,1,3,5,0,4,2,4,4,3,No
1394,49,Male,Married,Research & Development,Research Scientist,3,Technical Degree,Non-Travel,4,3,9131,17,Yes,3,2,2,1,1,4,2,1,4,3,3,3,3,Yes
1395,41,Male,Single,Research & Development,Research Director,3,Life Sciences,Travel_Rarely,11,2,7310,11,No,11,6,0,5,0,4,4,0,1,3,3,3,3,Yes
1396,31,Male,Married,Sales,Manager,4,Marketing,Travel_Rarely,4,1,1439,18,No,16,9,0,2,0,2,3,2,2,2,3,3,3,No
1397,28,Male,Divorced,Research & Development,Manufacturing Director,2,Technical Degree,Travel_Rarely,14,2,6468,13,No,4,2,2,2,2,2,2,1,3,2,3,4,3,No
1398,39,Female,Married,Research & Development,Manufacturing Director,4,Medical,Travel_Rarely,1,5,9702,11,Yes,3,2,0,1,2,4,4,0,2,4,3,4,3,Yes
1399,46,Female,Married,Sales,Sales Representative,4,Technical Degree,Travel_Rarely,3,2,5211,18,No,3,0,0,0,0,4,3,2,3,4,3,4,3,No
1400,42,Male,Single,Research & Development,Research Director,3,Marketing,Travel_Frequently,1,1,5647,12,Yes,8,8,2,2,1,5,2,1,3,4,3,3,3,No
1401,42,Male,Married,Research & Development,Research Scientist,3,Life Sciences,Non-Travel,2,3,8246,14,No,2,0,0,0,0,1,2,1,4,2,2,1,3,No
1402,40,Male,Single,Sales,Sales Executive,1,Medical,Travel_Frequently,1,2,5392,14,Yes,10,3,1,3,0,2,4,2,3,1,4,3,3,Yes
1403,46,Male,Divorced,Research & Development,Research Scientist,4,Human Resources,Non-Travel,7,2,6358,15,No,39,33,1,3,14,0,1,2,4,4,2,1,3,No
1404,37,Male,Single,Research & Development,Laboratory Technician,3,Marketing,Travel_Rarely,1,1,3677,15,No,4,1,1,0,0,1,5,0,1,3,3,2,3,No
1405,28,Male,Married,Research & Development,Manufacturing Director,3,Other,Non-Travel,23,1,3966,21,No,5,2,2,2,0,2,2,0,3,3,2,3,3,No
1406,37,Female,Single,Research & Development,Research Scientist,3,Technical Degree,Non-Travel,9,3,6918,19,No,11,8,0,0,2,0,0,0,3,2,4,3,3,No
1407,43,Female,Divorced,Research & Development,Research Scientist,5,Other,Travel_Rarely,5,2,6475,13,No,15,8,6,4,3,2,2,1,2,1,1,1,3,No
1408,33,Female,Married,Research & Development,Research Director,1,Life Sciences,Travel_Frequently,10,3,7699,11,No,5,5,0,0,0,3,2,1,2,3,2,3,3,Yes
1409,33,Female,Single,Human Resources,Human Resources,2,Medical,Travel_Frequently,3,3,9613,20,No,7,4,0,3,0,2,4,1,4,4,2,2,4,No
1410,35,Female,Married,Sales,Sales Executive,5,Life Sciences,Non-Travel,1,5,12344,11,No,14,8,1,2,3,6,2,1,4,4,3,3,3,No
1411,46,Male,Single,Research & Development,Research Scientist,4,Marketing,Travel_Rarely,4,1,2809,19,No,12,9,2,0,1,1,2,1,1,4,4,4,3,No
1412,52,Female,Married,Research & Development,Manufacturing Director,5,Marketing,Travel_Rarely,9,3,7565,14,No,9,6,4,0,3,0,1,1,4,4,4,3,3,No
1413,36,Female,Married,Research & Development,Laboratory Technician,3,Life Sciences,Travel_Rarely,1,2,5298,12,No,5,2,0,0,2,1,2,0,4,4,2,2,3,Yes
1414,49,Female,Divorced,Sales,Sales Executive,3,Other,Travel_Rarely,24,1,5936,15,No,16,12,10,2,4,4,3,0,3,3,3,3,3,No
1415,28,Male,Married,Sales,Manager,3,Other,Travel_Rarely,4,5,11095,19,Yes,6,0,0,0,0,4,1,2,4,1,4,2,4,No
1416,25,Female,Divorced,Research & Development,Manufacturing Director,2,Life Sciences,Travel_Rarely,1,2,8006,15,No,17,12,7,0,5,4,2,1,3,1,3,3,3,No
1417,31,Male,Married,Sales,Sales Representative,3,Marketing,Non-Travel,10,1,6786,11,No,11,5,0,4,1,6,3,3,3,4,3,3,3,No
1418,35,Male,Divorced,Research & Development,Manufacturing Director,4,Marketing,Travel_Rarely,10,2,5162,15,Yes,7,2,2,2,2,1,3,0,1,2,3,3,3,Yes
1419,29,Female,Divorced,Sales,Sales Representative,2,Medical,Travel_Frequently,15,5,10698,13,No,1,1,1,1,0,3,4,0,4,4,4,2,3,No
1420,50,Female,Divorced,Research & Development,Research Director,2,Other,Travel_Rarely,2,1,4357,19,Yes,5,0,0,0,0,6,1,1,3,3,3,2,3,No
1421,33,Male,Divorced,Research & Development,Laboratory Technician,2,Other,Travel_Rarely,3,1,3354,11,Yes,9,9,4,5,3,5,3,2,1,2,3,3,3,No
1422,25,Male,Single,Sales,Sales Executive,5,Other,Travel_Rarely,7,2,4201,15,No,8,2,2,1,0,3,4,2,4,4,4,4,4,Yes
1423,32,Male,Married,Research & Development,Laboratory Technician,3,Life Sciences,Travel_Rarely,12,4,9113,21,No,2,2,0,0,2,1,3,2,2,1,3,1,3,Yes
1424,49,Female,Single,Research & Development,Research Director,1,Life Sciences,Travel_Rarely,11,3,5497,18,No,6,1,1,1,0,2,1,0,3,4,4,3,3,No
1425,40,Female,Married,Sales,Sales Executive,2,Marketing,Travel_Rarely,10,3,10702,11,Yes,28,21,0,6,2,2,5,0,1,1,3,3,4,Yes
1426,35,Female,Single,Research & Development,Manufacturing Director,2,Technical Degree,Travel_Rarely,4,1,5157,11,Yes,6,0,0,0,0,2,6,1,3,2,1,4,3,No
1427,45,Female,Married,Sales,Manager,2,Marketing,Travel_Rarely,8,1,4600,16,No,4,2,2,1,0,4,6,1,1,1,1,4,4,Yes
1428,23,Female,Divorced,Sales,Manager,3,Life Sciences,Non-Travel,11,1,4847,16,Yes,12,9,9,1,9,2,3,1,4,3,4,2,3,Yes
1429,40,Male,Divorced,Research & Development,Manufacturing Director,3,Human Resources,Travel_Rarely,10,2,5018,18,No,1,1,1,1,1,2,2,0,2,4,2,1,3,No
1430,40,Male,Single,Human Resources,Human Resources,2,Human Resources,Travel_Rarely,6,3,7948,18,Yes,9,4,2,1,4,3,4,0,4,3,3,2,3,No
1431,35,Female,Divorced,Sales,Sales Representative,2,Marketing,Travel_Rarely,2,4,11124,19,No,8,2,1,2,2,1,2,2,3,4,3,3,3,No
1432,30,Female,Married,Research & Development,Laboratory Technician,3,Medical,Travel_Rarely,3,2,6580,17,Yes,8,3,0,2,1,3,3,0,2,1,2,4,3,No
1433,34,Female,Married,Research & Development,Research Scientist,2,Other,Travel_Rarely,2,5,12792,15,No,29,22,4,0,0,0,0,1,3,1,4,3,3,No
1434,34,Male,Married,Sales,Sales Representative,3,Human Resources,Travel_Rarely,10,2,3848,18,No,4,0,0,0,0,1,2,3,4,2,3,1,3,No
1435,49,Male,Married,Research & Development,Manufacturing Director,4,Life Sciences,Travel_Frequently,3,1,4859,11,No,12,6,0,1,5,1,3,0,3,3,3,3,3,No
1436,34,Female,Married,Sales,Sales Executive,5,Marketing,Travel_Frequently,10,2,3905,14,No,6,5,1,2,5,1,2,1,4,4,3,3,3,No
1437,41,Male,Married,Sales,Manager,2,Life Sciences,Travel_Rarely,1,3,7634,11,No,9,6,5,0,5,1,3,0,1,1,3,3,3,No
1438,26,Female,Divorced,Research & Development,Research Scientist,4,Technical Degree,Travel_Rarely,29,1,4286,19,Yes,3,2,0,2,1,2,5,1,1,1,4,3,3,Yes
1439,41,Female,Married,Research & Development,Laboratory Technician,3,Human Resources,Travel_Rarely,6,1,5383,15,No,11,9,3,2,2,3,5,1,4,2,3,3,3,No
1440,23,Male,Single,Research & Development,Research Scientist,3,Technical Degree,Travel_Frequently,2,3,8005,12,No,0,0,0,0,0,1,1,1,2,1,2,3,3,No
1441,41,Male,Single,Sales,Sales Executive,3,Life Sciences,Travel_Rarely,2,5,11341,15,No,2,1,1,0,0,3,4,0,3,4,4,1,3,No
1442,32,Male,Married,Research & Development,Manufacturing Director,4,Technical Degree,Travel_Frequently,3,3,7961,11,No,5,1,1,1,1,4,4,0,2,4,2,2,3,Yes
1443,39,Male,Married,Sales,Sales Representative,3,Other,Travel_Rarely,9,5,10668,12,No,23,18,0,3,0,0,3,2,4,4,3,3,3,No
1444,37,Male,Single,Research & Development,Laboratory Technician,1,Medical,Travel_Rarely,4,5,13997,11,Yes,32,27,0,0,1,0,4,0,3,1,3,4,3,Yes
1445,50,Female,Divorced,Research & Development,Manufacturing Director,5,Medical,Travel_Rarely,4,1,1407,13,No,4,1,1,1,1,2,5,1,2,4,4,1,3,Yes
1446,24,Male,Married,Research & Development,Research Director,2,Marketing,Travel_Rarely,15,3,8708,16,No,12,6,2,0,1,4,3,0,1,4,3,3,3,No
1447,38,Female,Single,Research & Development,Manufacturing Director,3,Other,Travel_Rarely,4,1,3610,20,No,13,10,1,1,1,4,4,2,2,1,4,3,3,No
1448,39,Male,Divorced,Sales,Manager,3,Other,Travel_Rarely,20,2,7384,17,No,11,4,1,0,0,0,3,0,4,3,3,3,3,No
1449,34,Male,Married,Sales,Sales Representative,3,Technical Degree,Travel_Rarely,1,1,3571,13,No,3,0,0,0,0,3,1,0,4,4,4,2,4,No
1450,41,Female,Married,Research & Development,Research Scientist,3,Life Sciences,Travel_Rarely,1,1,4606,17,No,18,12,0,6,3,1,3,0,4,1,3,1,4,No
1451,54,Male,Divorced,Research & Development,Research Director,2,Medical,Travel_Frequently,2,1,5964,15,No,15,8,2,0,0,6,2,0,3,4,2,4,3,No
1452,47,Female,Married,Sales,Sales Executive,2,Life Sciences,Travel_Frequently,2,4,11668,11,No,8,2,2,0,0,5,6,1,4,3,3,2,3,No
1453,28,Female,Divorced,Sales,Sales Representative,3,Human Resources,Travel_Rarely,7,2,5936,11,No,12,12,3,0,0,3,2,2,4,1,2,4,3,No
1454,44,Female,Single,Research & Development,Manufacturing Director,2,Technical Degree,Non-Travel,1,5,13518,13,No,37,30,0,0,0,2,0,0,4,4,3,3,3,No
1455,41,Female,Married,Research & Development,Research Director,3,Medical,Travel_Rarely,19,2,3390,11,No,8,2,0,0,1,5,1,0,2,3,2,3,3,Yes
1456,34,Female,Single,Sales,Sales Representative,3,Technical Degree,Travel_Rarely,9,1,4274,12,Yes,7,7,0,1,0,3,4,0,3,4,3,3,3,Yes
1457,35,Female,Single,Sales,Sales Representative,3,Marketing,Travel_Rarely,29,2,6340,15,No,7,1,1,1,0,5,3,2,4,4,3,2,3,Yes
1458,35,Female,Married,Research & Development,Laboratory Technician,2,Technical Degree,Travel_Frequently,22,3,7679,18,Yes,6,5,0,5,0,1,2,1,3,4,2,2,3,No
1459,37,Female,Single,Human Resources,Human Resources,3,Life Sciences,Travel_Rarely,3,2,6914,13,No,10,5,0,2,2,2,0,1,3,2,2,2,3,No
1460,30,Female,Divorced,Sales,Sales Executive,3,Other,Non-Travel,8,1,6080,16,No,2,0,0,0,0,4,3,1,4,4,2,3,3,Yes
1461,35,Female,Married,Research & Development,Research Scientist,3,Human Resources,Travel_Rarely,8,2,7402,16,No,15,10,0,4,2,1,3,1,4,4,3,2,3,No
1462,26,Female,Married,Research & Development,Research Scientist,2,Technical Degree,Travel_Rarely,6,1,4373,11,No,12,5,5,2,2,1,2,0,3,4,4,2,3,No
1463,32,Female,Divorced,Research & Development,Research Director,5,Human Resources,Travel_Rarely,15,5,9596,19,No,4,0,0,0,0,5,2,1,2,2,3,3,3,No
1464,23,Male,Married,Human Resources,Human Resources,2,Medical,Travel_Rarely,10,4,10590,20,No,5,2,1,2,1,4,3,1,2,3,3,4,3,No
1465,36,Male,Divorced,Research & Development,Research Scientist,2,Medical,Travel_Rarely,1,2,6839,11,No,16,12,1,1,0,1,4,1,3,2,2,3,3,No
1466,50,Female,Single,Sales,Sales Executive,2,Human Resources,Travel_Frequently,12,1,4760,20,No,3,2,1,1,2,1,3,1,3,4,3,1,3,No
1467,32,Female,Married,Research & Development,Manufacturing Director,2,Life Sciences,Travel_Rarely,4,2,4358,19,Yes,3,1,1,0,1,0,3,1,2,3,1,2,3,No
1468,35,Male,Single,Research & Development,Laboratory Technician,5,Marketing,Travel_Rarely,4,2,7770,11,Yes,8,5,5,0,2,5,3,1,3,1,1,2,4,Yes
1469,38,Male,Divorced,Research & Development,Laboratory Technician,4,Medical,Travel_Rarely,1,2,8184,13,No,23,23,1,0,3,0,5,2,3,2,3,3,3,No
1470,19,Female,Single,Research & Development,Manufacturing Director,3,Human Resources,Travel_Rarely,13,2,5866,15,No,15,8,1,1,3,1,6,2,3,4,3,3,3,No
1471,46,Female,Married,Sales,Manager,3,Technical Degree,Travel_Frequently,8,1,6059,18,Yes,7,2,2,2,0,3,5,0,4,1,1,2,3,Yes
1472,35,Male,Single,Research & Development,Research Scientist,3,Human Resources,Travel_Rarely,9,3,9128,15,No,6,2,2,1,2,4,3,2,2,2,2,2,4,Yes
1473,45,Male,Married,Research & Development,Manufacturing Director,3,Marketing,Travel_Rarely,9,2,6390,17,Yes,5,3,3,0,0,3,3,2,2,2,3,3,4,Yes
1474,22,Male,Married,Sales,Sales Representative,2,Medical,Travel_Frequently,18,4,9779,19,Yes,2,0,0,0,0,2,1,0,3,1,4,3,3,No
1475,40,Male,Married,Research & Development,Research Scientist,2,Other,Travel_Rarely,2,2,5562,13,No,14,14,3,5,0,2,2,2,4,2,4,4,3,No
1476,42,Female,Single,Research & Development,Research Scientist,5,Human Resources,Travel_Frequently,29,4,7381,16,Yes,8,1,0,1,0,5,3,1,1,3,2,3,3,Yes
1477,29,Female,Single,Research & Development,Laboratory Technician,2,Medical,Travel_Rarely,13,5,10346,11,Yes,9,3,0,0,0,2,3,0,2,2,4,3,3,No
1478,50,Male,Single,Sales,Manager,2,Other,Travel_Rarely,11,3,6833,18,Yes,10,8,4,1,4,3,3,3,3,4,4,3,4,Yes
1479,46,Female,Divorced,Research & Development,Research Scientist,3,Marketing,Travel_Frequently,4,2,2615,11,No,4,1,1,1,0,1,3,1,1,1,2,4,3,No
1480,41,Male,Married,Human Resources,Human Resources,4,Marketing,Travel_Frequently,4,2,5862,14,No,0,0,0,0,0,3,2,1,4,2,3,3,3,No
1481,31,Female,Single,Research & Development,Research Scientist,4,Human Resources,Travel_Rarely,2,1,5651,19,No,14,10,1,1,0,2,4,0,2,2,3,2,3,No
1482,42,Female,Married,Research & Development,Research Director,3,Marketing,Non-Travel,1,2,6762,19,No,2,0,0,0,0,1,3,0,3,3,3,1,3,No
1483,25,Male,Married,Research & Development,Research Scientist,3,Medical,Non-Travel,4,2,5892,19,No,12,6,0,0,0,2,2,0,4,1,4,3,3,No
1484,43,Male,Single,Sales,Sales Representative,3,Marketing,Travel_Rarely,1,1,6376,11,No,11,6,0,4,4,5,4,1,2,3,4,1,3,Yes
1485,35,Male,Single,Research & Development,Research Scientist,3,Medical,Travel_Frequently,9,1,2787,11,No,4,0,0,0,0,1,4,1,1,2,4,3,4,No
1486,36,Male,Married,Research & Development,Manufacturing Director,5,Marketing,Travel_Frequently,21,1,3563,18,No,11,5,1,4,0,1,1,2,2,3,3,3,3,No
1487,36,Female,Single,Research & Development,Research Director,3,Life Sciences,Travel_Frequently,6,1,4625,11,Yes,11,8,0,3,6,6,4,1,4,1,3,3,3,No
1488,41,Male,Single,Research & Development,Research Director,2,Human Resources,Non-Travel,3,1,5629,11,No,3,0,0,0,0,1,4,0,3,1,4,3,3,No
1489,46,Female,Married,Research & Development,Research Director,3,Life Sciences,Travel_Rarely,4,3,9284,11,Yes,9,8,0,8,0,2,3,0,3,2,3,2,3,No
1490,40,Male,Married,Research & Development,Research Scientist,3,Technical Degree,Travel_Rarely,9,2,4874,11,No,5,5,0,1,0,3,5,1,1,2,2,2,3,No
1491,45,Female,Single,Research & Development,Research Director,2,Technical Degree,Travel_Frequently,14,1,4651,14,Yes,5,5,3,3,5,1,2,1,4,1,3,3,3,No
1492,38,Male,Single,Research & Development,Laboratory Technician,5,Life Sciences,Non-Travel,7,2,6360,14,Yes,8,2,1,2,2,1,1,1,3,3,2,3,3,No
1493,25,Male,Divorced,Research & Development,Laboratory Technician,3,Human Resources,Non-Travel,1,2,4675,14,Yes,2,0,0,0,0,3,3,0,1,1,2,3,3,No
1494,39,Female,Divorced,Sales,Sales Representative,3,Marketing,Travel_Frequently,1,4,9841,19,No,13,10,1,1,5,7,1,0,1,1,3,3,4,No
1495,31,Male,Single,Research & Development,Research Director,3,Marketing,Travel_Rarely,1,1,3847,20,Yes,7,7,5,3,0,2,3,2,1,3,3,3,4,No
1496,46,Male,Single,Sales,Manager,1,Other,Travel_Rarely,2,1,3457,15,Yes,9,5,4,3,3,2,2,1,3,3,2,2,3,Yes
1497,36,Female,Single,Sales,Sales Representative,3,Medical,Travel_Frequently,14,1,3319,15,Yes,7,0,0,0,0,2,6,0,1,1,2,2,3,No
1498,41,Female,Married,Sales,Sales Representative,3,Human Resources,Travel_Rarely,1,3,8126,11,No,8,1,1,1,1,1,5,1,1,1,3,3,3,No
1499,38,Female,Married,Research & Development,Manufacturing Director,4,Human Resources,Travel_Rarely,8,2,7524,18,Yes,6,0,0,0,0,1,4,1,2,3,4,4,3,No
1500,43,Female,Married,Human Resources,Human Resources,3,Life Sciences,Travel_Frequently,1,1,4348,12,No,4,3,0,0,1,2,3,1,4,1,3,3,3,No
1501,43,Male,Married,Research & Development,Manufacturing Director,3,Human Resources,Travel_Rarely,3,1,5163,15,No,2,2,2,2,1,6,2,1,3,3,3,2,3,No
1502,34,Female,Married,Sales,Sales Executive,5,Human Resources,Travel_Rarely,3,1,5336,13,No,16,9,9,1,0,4,2,0,2,4,4,1,4,No
1503,39,Male,Single,Sales,Manager,4,Human Resources,Travel_Rarely,10,3,7966,14,No,4,0,0,0,0,2,3,3,3,4,3,2,3,Yes
1504,35,Female,Single,Sales,Sales Representative,2,Life Sciences,Non-Travel,19,4,9175,11,No,3,0,0,0,0,0,6,1,3,2,3,3,3,No
1505,42,Male,Married,Sales,Sales Executive,3,Other,Travel_Rarely,14,2,5587,14,No,5,3,3,0,1,1,3,1,2,1,3,3,3,No
1506,18,Female,Divorced,Research & Development,Laboratory Technician,4,Life Sciences,Travel_Rarely,4,1,3724,14,Yes,19,14,2,4,0,2,3,0,1,1,2,2,3,No
1507,39,Male,Married,Research & Development,Research Director,5,Technical Degree,Travel_Rarely,29,4,12827,17,Yes,26,23,0,8,0,3,0,0,2,3,3,2,4,No
1508,60,Female,Married,Research & Development,Manufacturing Director,4,Human Resources,Travel_Rarely,4,3,6400,12,No,9,2,0,1,2,2,2,0,3,2,3,2,4,No
1509,47,Male,Single,Research & Development,Manufacturing Director,3,Life Sciences,Travel_Rarely,9,2,6906,11,No,12,9,3,0,6,4,2,1,3,2,4,2,3,Yes
1510,33,Female,Single,Research & Development,Research Director,1,Medical,Travel_Rarely,9,1,5475,13,Yes,10,4,4,1,4,3,2,1,4,3,2,2,3,No
1511,48,Female,Married,Research & Development,Research Scientist,4,Human Resources,Travel_Rarely,6,4,10687,17,Yes,22,22,1,1,0,3,5,1,2,3,2,3,3,Yes
1512,60,Female,Married,Research & Development,Laboratory Technician,2,Life Sciences,Non-Travel,8,2,4551,15,No,7,1,1,1,0,3,4,1,2,2,3,3,3,No
1513,60,Male,Single,Research & Development,Manufacturing Director,2,Other,Non-Travel,6,3,8095,15,Yes,2,2,2,1,1,3,2,2,1,3,4,3,4,No
1514,45,Male,Divorced,Research & Development,Manufacturing Director,5,Marketing,Non-Travel,3,5,8978,16,No,3,1,0,1,1,3,2,0,3,4,2,3,3,Yes
1515,32,Female,Married,Sales,Sales Representative,4,Medical,Non-Travel,2,2,6456,12,No,8,2,2,2,2,6,2,2,3,3,3,2,3,No
1516,25,Male,Married,Research & Development,Laboratory Technician,3,Other,Travel_Rarely,15,3,6564,21,Yes,6,2,1,2,0,1,4,2,3,2,3,3,3,No
1517,36,Female,Married,Sales,Sales Executive,5,Technical Degree,Travel_Rarely,20,4,10316,14,Yes,3,3,0,1,0,1,2,0,2,3,3,4,3,No
1518,31,Male,Single,Sales,Sales Representative,3,Medical,Travel_Rarely,3,2,7289,21,No,11,7,1,2,7,4,2,2,1,2,3,1,3,No
1519,36,Male,Divorced,Research & Development,Research Director,4,Other,Travel_Rarely,20,2,7890,16,Yes,7,4,1,3,1,3,2,0,4,2,3,3,4,Yes
1520,47,Female,Divorced,Research & Development,Research Scientist,2,Life Sciences,Travel_Rarely,1,2,5453,11,No,8,4,2,4,2,5,2,1,3,3,3,3,3,Yes
1521,36,Male,Single,Research & Development,Laboratory Technician,1,Technical Degree,Travel_Rarely,1,5,9085,18,No,1,1,1,0,1,3,3,2,3,4,2,1,3,No
1522,41,Male,Divorced,Sales,Sales Representative,5,Human Resources,Non-Travel,1,1,4861,11,Yes,11,4,4,0,0,0,3,1,3,3,3,3,3,No
1523,34,Male,Married,Research & Development,Laboratory Technician,2,Human Resources,Travel_Rarely,1,2,5550,11,No,0,0,0,0,0,4,5,2,3,1,3,3,3,Yes
1524,31,Female,Married,Research & Development,Manufacturing Director,1,Marketing,Travel_Rarely,8,2,4772,14,Yes,3,0,0,0,0,4,3,0,3,4,4,1,3,No
1525,33,Male,Married,Sales,Sales Representative,3,Other,Travel_Rarely,2,1,3696,18,Yes,15,15,0,4,9,8,4,1,4,4,1,3,3,Yes
1526,31,Female,Single,Research & Development,Manufacturing Director,3,Life Sciences,Travel_Rarely,27,2,4692,13,Yes,8,1,1,0,0,4,4,1,2,3,3,2,3,Yes
1527,29,Female,Married,Research & Development,Research Director,4,Human Resources,Travel_Rarely,10,1,3070,16,Yes,3,1,1,1,0,2,2,1,2,4,4,2,3,Yes
1528,57,Female,Divorced,Research & Development,Research Director,2,Human Resources,Travel_Rarely,13,2,5202,11,No,2,1,0,1,1,3,1,0,4,2,3,4,3,No
1529,30,Male,Single,Research & Development,Laboratory Technician,3,Life Sciences,Travel_Rarely,1,3,7611,16,No,8,4,1,0,0,2,2,1,4,2,3,3,3,Yes
1530,47,Male,Married,Research & Development,Manufacturing Director,4,Life Sciences,Travel_Rarely,7,5,13194,11,No,6,2,0,1,2,5,4,1,3,4,3,4,3,No
1531,18,Female,Divorced,Sales,Sales Executive,2,Medical,Travel_Rarely,6,4,10239,16,Yes,6,3,0,1,3,3,3,2,2,4,3,3,3,No
1532,23,Female,Single,Research & Development,Manufacturing Director,1,Human Resources,Travel_Rarely,9,5,11173,16,No,6,1,0,1,1,3,3,1,1,3,2,3,4,No
1533,35,Female,Divorced,Research & Development,Research Scientist,3,Human Resources,Travel_Rarely,12,4,11344,11,No,9,9,3,0,4,2,2,2,4,2,4,2,3,No
1534,43,Female,Divorced,Research & Development,Laboratory Technician,3,Human Resources,Travel_Rarely,1,5,12281,11,Yes,9,3,3,0,1,3,2,1,2,2,3,3,4,No
1535,39,Male,Married,Sales,Sales Executive,4,Technical Degree,Travel_Rarely,2,4,9982,17,No,19,19,2,7,8,1,3,0,2,3,4,3,3,Yes
1536,52,Female,Divorced,Sales,Sales Representative,2,Other,Travel_Rarely,17,2,6181,13,No,5,1,0,1,0,1,4,1,2,4,3,3,3,No
1537,42,Male,Married,Sales,Sales Representative,3,Life Sciences,Travel_Rarely,1,1,3874,19,No,3,0,0,0,0,0,2,0,3,3,2,3,3,No
1538,33,Female,Married,Research & Development,Laboratory Technician,3,Human Resources,Travel_Rarely,2,3,8401,17,No,14,7,6,2,2,4,0,1,1,1,3,3,3,No
1539,24,Female,Divorced,Sales,Sales Executive,3,Technical Degree,Non-Travel,20,1,3636,14,No,6,1,1,1,1,1,2,0,4,3,3,2,3,No
1540,49,Male,Married,Research & Development,Research Director,3,Other,Non-Travel,1,1,3966,11,No,6,4,0,0,1,5,2,1,3,4,2,2,3,No
1541,37,Female,Married,Research & Development,Research Scientist,1,Life Sciences,Travel_Rarely,7,3,7309,17,Yes,1,0,0,0,0,4,3,0,2,4,3,3,3,No
1542,31,Female,Married,Research & Development,Laboratory Technician,2,Medical,Travel_Rarely,20,2,6203,11,No,13,9,1,6,4,5,1,0,4,3,3,1,3,No
1543,30,Female,Single,Sales,Sales Executive,3,Life Sciences,Travel_Rarely,29,2,6701,17,No,4,2,1,0,0,3,2,3,3,4,3,2,3,No
1544,36,Male,Single,Sales,Manager,5,Other,Travel_Rarely,4,4,9845,11,No,7,0,0,0,0,2,3,0,1,2,3,3,3,No
1545,36,Female,Single,Research & Development,Manufacturing Director,1,Life Sciences,Travel_Rarely,12,3,6496,22,No,3,3,0,0,0,4,2,1,4,3,2,3,3,No
1546,35,Male,Married,Research & Development,Research Scientist,3,Medical,Travel_Rarely,9,1,5700,14,No,4,4,0,0,2,0,1,0,2,4,4,3,3,Yes
1547,54,Male,Married,Sales,Manager,1,Technical Degree,Travel_Rarely,11,3,7151,12,No,12,6,6,6,4,2,3,0,3,1,4,2,3,No
1548,24,Male,Single,Sales,Manager,3,Marketing,Travel_Rarely,16,1,2045,23,No,1,1,1,1,1,0,1,1,1,1,3,3,3,No
1549,34,Female,Single,Research & Development,Research Director,3,Medical,Travel_Rarely,15,2,6864,16,Yes,15,8,5,1,3,6,5,0,1,4,2,3,3,No
1550,49,Male,Single,Sales,Sales Representative,3,Medical,Travel_Rarely,2,2,5593,13,Yes,0,0,0,0,0,4,4,1,4,3,2,3,3,No
1551,48,Female,Single,Sales,Sales Representative,3,Life Sciences,Travel_Rarely,2,1,2229,12,No,3,2,2,0,0,1,3,0,4,1,3,3,3,Yes
1552,23,Male,Single,Sales,Sales Representative,3,Life Sciences,Travel_Rarely,2,3,6909,12,No,19,15,1,0,5,0,2,2,4,4,4,4,3,No
1553,36,Female,Single,Research & Development,Research Director,2,Life Sciences,Travel_Rarely,29,2,3736,14,Yes,7,4,3,0,4,2,4,0,3,1,2,3,3,No
1554,55,Female,Single,Research & Development,Laboratory Technician,3,Medical,Travel_Rarely,4,2,2834,14,No,4,1,1,1,1,3,4,1,4,1,4,3,3,No
1555,27,Male,Married,Research & Development,Manufacturing Director,3,Other,Travel_Rarely,1,1,3668,13,No,9,8,8,1,0,2,6,1,4,4,4,1,3,No
1556,36,Female,Single,Research & Development,Research Scientist,5,Life Sciences,Non-Travel,12,2,6961,15,No,24,17,2,3,5,1,6,2,3,3,2,2,3,No
1557,29,Male,Married,Research & Development,Laboratory Technician,4,Technical Degree,Travel_Rarely,3,3,8183,13,No,15,12,0,0,0,5,4,1,4,2,4,1,3,Yes
1558,47,Female,Married,Research & Development,Manufacturing Director,3,Marketing,Non-Travel,4,1,4285,19,No,4,2,0,0,2,5,2,1,3,4,2,3,3,Yes
1559,47,Female,Single,Research & Development,Manufacturing Director,3,Marketing,Travel_Rarely,2,2,8112,14,No,35,31,5,2,1,3,4,0,2,2,4,3,3,No
1560,39,Male,Married,Research & Development,Manufacturing Director,5,Medical,Travel_Rarely,1,1,4508,15,Yes,2,1,1,0,1,4,1,0,1,4,3,2,3,No
1561,54,Male,Single,Sales,Sales Representative,2,Life Sciences,Travel_Rarely,13,2,5184,11,Yes,9,6,5,2,6,3,5,2,4,4,3,2,3,No
1562,47,Male,Married,Research & Development,Research Director,3,Marketing,Travel_Rarely,16,1,3615,16,No,6,0,0,0,0,2,2,3,2,4,2,3,3,No
1563,19,Female,Single,Research & Development,Research Director,3,Marketing,Travel_Frequently,22,1,4263,25,No,21,16,2,2,3,2,2,0,3,1,4,3,3,Yes
1564,37,Male,Single,Research & Development,Laboratory Technician,3,Human Resources,Travel_Rarely,9,3,9205,13,No,1,1,1,0,0,4,3,1,3,2,3,4,3,No
1565,44,Male,Divorced,Sales,Sales Executive,3,Human Resources,Travel_Frequently,8,1,5777,16,No,21,19,4,2,2,3,3,0,2,4,4,2,3,No
1566,35,Female,Married,Sales,Manager,4,Technical Degree,Travel_Rarely,3,3,8490,11,No,6,5,1,5,0,0,2,1,4,4,3,4,3,No
1567,38,Female,Married,Research & Development,Research Director,3,Human Resources,Travel_Rarely,1,1,3127,15,No,10,4,1,0,4,0,6,1,2,1,3,2,3,No
1568,42,Male,Married,Sales,Sales Executive,3,Marketing,Travel_Rarely,8,1,4636,14,Yes,6,2,0,1,2,1,2,0,2,1,3,4,3,No
1569,29,Male,Married,Sales,Manager,3,Human Resources,Travel_Rarely,5,2,5918,11,No,19,18,0,2,1,1,3,0,1,2,3,3,3,No
1570,29,Male,Married,Research & Development,Manufacturing Director,4,Life Sciences,Travel_Rarely,23,3,8364,11,No,5,2,0,0,2,5,2,0,3,2,3,3,3,Yes
1571,25,Male,Married,Research & Development,Research Director,3,Other,Travel_Rarely,7,3,7709,11,No,6,6,0,0,2,2,1,0,2,3,1,3,3,Yes
1572,43,Male,Single,Research & Development,Laboratory Technician,3,Marketing,Travel_Rarely,17,1,2601,11,No,18,13,1,0,0,2,2,1,4,3,4,2,3,No
1573,49,Male,Married,Research & Development,Laboratory Technician,4,Human Resources,Non-Travel,6,4,9396,15,No,7,4,0,2,1,3,1,1,3,3,4,3,3,No
1574,40,Female,Married,Sales,Manager,3,Human Resources,Travel_Frequently,13,2,7396,16,Yes,10,4,0,0,0,0,6,1,3,4,3,3,3,No
1575,38,Female,Married,Sales,Sales Executive,1,Life Sciences,Travel_Rarely,5,2,6982,11,No,11,10,0,0,2,3,5,2,4,3,3,4,3,No
1576,32,Male,Divorced,Research & Development,Laboratory Technician,1,Life Sciences,Travel_Rarely,5,2,7074,19,No,13,9,2,2,9,4,4,1,3,1,2,3,3,No
1577,18,Female,Single,Research & Development,Laboratory Technician,3,Other,Travel_Rarely,1,2,4971,16,No,5,5,3,1,2,2,2,0,3,4,3,3,3,No
1578,51,Female,Divorced,Sales,Manager,4,Life Sciences,Travel_Rarely,1,5,10225,13,No,9,4,2,0,4,1,3,0,1,1,3,4,4,Yes
1579,38,Female,Married,Research & Development,Laboratory Technician,4,Medical,Travel_Rarely,5,3,9751,15,No,4,4,3,1,2,2,1,0,3,3,3,1,3,No
1580,42,Female,Divorced,Research & Development,Research Director,4,Marketing,Travel_Rarely,8,1,3924,11,No,3,3,3,1,0,4,3,2,2,3,3,3,3,No
1581,27,Male,Married,Research & Development,Manufacturing Director,4,Technical Degree,Travel_Rarely,13,2,3821,12,No,5,0,0,0,0,3,4,0,4,2,3,2,3,Yes
1582,42,Male,Divorced,Research & Development,Manufacturing Director,3,Other,Travel_Rarely,1,5,12010,12,No,9,5,3,0,5,4,2,1,4,3,3,3,3,No
1583,35,Female,Married,Sales,Manager,3,Marketing,Travel_Rarely,1,1,5073,15,No,9,3,2,1,2,1,2,0,4,3,3,1,3,No
1584,29,Female,Married,Research & Development,Laboratory Technician,3,Technical Degree,Travel_Frequently,24,4,9339,21,No,4,0,0,0,0,4,1,0,3,3,3,3,3,No
1585,41,Male,Single,Sales,Sales Representative,3,Technical Degree,Travel_Frequently,1,1,5195,14,No,15,11,5,0,0,4,2,1,1,4,2,3,3,No
1586,38,Female,Married,Research & Development,Laboratory Technician,3,Life Sciences,Travel_Rarely,10,4,12359,16,Yes,10,4,0,2,2,5,4,0,3,2,2,3,3,Yes
1587,48,Female,Married,Research & Development,Research Director,4,Other,Travel_Rarely,1,3,9932,16,No,5,4,0,1,1,0,2,1,2,1,4,1,4,No
1588,38,Male,Single,Research & Development,Research Director,3,Medical,Non-Travel,4,1,2613,13,Yes,3,0,0,0,0,3,2,3,4,3,3,3,3,Yes
1589,34,Male,Divorced,Research & Development,Laboratory Technician,3,Technical Degree,Non-Travel,28,2,5117,19,Yes,9,3,0,1,2,3,2,0,3,4,3,3,3,Yes
1590,27,Male,Married,Research & Development,Manufacturing Director,3,Marketing,Travel_Rarely,12,3,7568,12,Yes,20,15,5,1,2,4,1,1,3,2,4,2,3,Yes
1591,48,Female,Married,Sales,Manager,3,Life Sciences,Non-Travel,1,1,4185,18,Yes,9,3,2,3,1,3,4,0,4,4,2,2,3,No
1592,33,Male,Divorced,Sales,Sales Representative,3,Life Sciences,Travel_Rarely,5,1,4079,13,Yes,8,6,0,1,0,1,2,3,3,1,4,3,3,No
1593,51,Male,Single,Research & Development,Research Director,4,Other,Travel_Rarely,3,3,10390,15,No,8,4,1,3,0,2,4,1,4,3,3,3,3,No
1594,41,Male,Married,Research & Development,Manufacturing Director,5,Life Sciences,Travel_Rarely,10,1,3476,12,Yes,2,2,0,0,2,0,2,1,3,3,1,1,3,No
1595,40,Male,Single,Sales,Sales Representative,2,Human Resources,Travel_Rarely,29,1,2264,22,No,13,7,3,0,2,8,4,0,4,4,2,3,3,No
1596,42,Female,Divorced,Human Resources,HR Manager,4,Human Resources,Travel_Rarely,7,1,4010,16,Yes,4,1,1,1,1,5,2,1,1,3,3,3,3,Yes
1597,27,Male,Single,Research & Development,Manufacturing Director,5,Life Sciences,Travel_Rarely,1,1,3031,14,Yes,3,1,1,1,0,6,2,0,1,3,2,1,4,Yes
1598,39,Male,Single,Research & Development,Manufacturing Director,3,Technical Degree,Travel_Rarely,2,2,7330,16,No,6,1,0,1,0,2,4,1,1,3,3,3,3,No
1599,50,Female,Single,Research & Development,Laboratory Technician,3,Human Resources,Travel_Rarely,17,1,3235,12,No,9,2,0,1,1,2,4,0,4,1,4,3,3,No
1600,49,Female,Married,Research & Development,Manufacturing Director,3,Medical,Travel_Rarely,1,1,2074,11,No,1,1,1,1,1,3,4,2,4,2,3,3,3,No
1601,34,Male,Married,Research & Development,Research Scientist,1,Medical,Travel_Rarely,14,4,8098,24,No,2,0,0,0,0,2,1,1,4,4,3,3,3,No
1602,47,Female,Married,Research & Development,Research Scientist,2,Marketing,Travel_Rarely,10,1,2940,17,Yes,3,0,0,0,0,3,3,1,1,4,3,3,3,Yes
1603,30,Female,Divorced,Research & Development,Manufacturing Director,3,Marketing,Travel_Rarely,6,1,3093,16,Yes,14,12,0,0,0,1,2,0,1,1,3,2,3,Yes
1604,46,Male,Married,Research & Development,Laboratory Technician,3,Marketing,Travel_Frequently,5,1,2464,14,No,6,1,1,1,1,4,6,0,1,3,2,2,3,No
1605,32,Male,Single,Research & Development,Manufacturing Director,3,Marketing,Travel_Rarely,4,1,3444,11,No,5,4,4,3,1,6,5,1,4,2,3,2,3,No
1606,40,Female,Married,Research & Development,Research Director,3,Other,Travel_Rarely,1,1,4868,15,No,4,3,1,1,3,3,1,3,1,3,2,2,3,No
1607,26,Female,Married,Research & Development,Research Scientist,3,Human Resources,Travel_Frequently,3,1,4240,15,No,9,4,4,4,0,3,2,0,2,3,3,3,4,No
1608,21,Male,Married,Research & Development,Research Director,1,Life Sciences,Travel_Rarely,18,5,11435,21,No,5,1,0,1,1,6,2,1,3,3,3,3,3,No
1609,36,Male,Married,Sales,Sales Executive,2,Human Resources,Travel_Rarely,6,2,6058,14,No,7,3,2,1,0,3,2,1,3,3,2,3,3,No
1610,39,Female,Divorced,Research & Development,Manufacturing Director,4,Life Sciences,Non-Travel,20,1,3071,14,No,6,4,0,4,2,5,4,0,4,3,2,3,4,No
1611,36,Female,Divorced,Research & Development,Research Director,2,Medical,Travel_Rarely,8,3,7572,13,No,6,3,0,3,0,2,3,1,4,3,3,3,3,No
1612,36,Male,Single,Research & Development,Laboratory Technician,3,Life Sciences,Travel_Rarely,6,2,6651,11,Yes,15,10,4,0,0,1,3,0,3,1,1,3,3,No
1613,40,Female,Single,Sales,Sales Representative,5,Medical,Travel_Rarely,1,2,3776,25,No,2,0,0,0,0,2,0,1,4,3,2,3,3,Yes
1614,42,Male,Married,Research & Development,Research Scientist,2,Marketing,Travel_Frequently,3,4,11745,17,Yes,18,15,8,3,1,4,1,0,2,4,3,1,3,No
1615,25,Female,Single,Research & Development,Laboratory Technician,4,Life Sciences,Travel_Rarely,5,1,4393,15,No,7,1,1,1,1,2,3,1,4,2,2,3,3,No
1616,26,Female,Single,Research & Development,Research Director,4,Other,Travel_Rarely,9,5,10287,13,No,5,0,0,0,0,2,2,0,4,2,3,3,3,No
1617,36,Female,Married,Research & Development,Research Director,4,Other,Travel_Frequently,9,2,7515,20,No,5,1,0,1,0,2,4,1,2,3,3,3,3,No
1618,39,Male,Single,Sales,Manager,3,Human Resources,Travel_Frequently,3,1,7920,14,No,22,17,8,2,5,3,4,1,1,1,3,3,4,No
1619,30,Male,Divorced,Research & Development,Research Director,2,Marketing,Travel_Rarely,1,2,8248,15,Yes,7,5,0,2,2,3,2,0,4,3,2,3,3,No
1620,24,Female,Married,Research & Development,Manufacturing Director,4,Medical,Travel_Rarely,2,2,4654,13,No,5,0,0,0,0,5,0,0,1,1,2,3,3,Yes
1621,32,Female,Married,Research & Development,Manufacturing Director,2,Medical,Travel_Rarely,1,1,2739,18,No,2,1,1,0,0,4,0,1,1,4,3,3,3,No
1622,34,Female,Single,Research & Development,Laboratory Technician,3,Life Sciences,Non-Travel,5,2,4155,20,No,2,0,0,0,0,2,3,1,1,1,3,3,3,No
1623,28,Male,Married,Research & Development,Research Director,2,Marketing,Travel_Rarely,4,2,6456,13,No,5,2,0,1,1,1,0,0,3,3,3,2,4,Yes
1624,30,Female,Single,Sales,Manager,1,Marketing,Travel_Rarely,1,2,5478,11,No,8,2,1,2,0,3,2,0,3,1,3,2,3,No
1625,40,Female,Married,Research & Development,Manufacturing Director,1,Human Resources,Non-Travel,6,5,9717,16,No,6,2,2,0,2,2,3,1,1,3,4,3,3,No
1626,34,Female,Married,Research & Development,Manufacturing Director,3,Medical,Travel_Rarely,9,1,6488,13,No,6,5,0,0,4,3,4,2,3,3,4,3,3,No
1627,39,Male,Married,Research & Development,Manufacturing Director,2,Marketing,Travel_Rarely,1,1,3176,16,No,19,12,3,0,1,0,2,1,3,4,4,4,4,No
1628,46,Male,Married,Research & Development,Research Director,3,Marketing,Travel_Rarely,11,1,5311,11,No,15,8,8,2,0,1,3,0,1,4,2,1,3,No
1629,36,Male,Married,Research & Development,Laboratory Technician,4,Other,Travel_Rarely,13,2,6988,11,No,7,4,3,0,1,5,2,2,1,3,4,3,3,No
1630,35,Male,Married,Sales,Sales Executive,3,Technical Degree,Travel_Frequently,8,1,3993,21,No,18,11,1,1,3,2,6,0,4,1,3,3,4,No
1631,29,Female,Single,Research & Development,Laboratory Technician,4,Life Sciences,Travel_Rarely,1,2,3963,23,Yes,8,1,1,1,1,2,2,0,3,3,2,3,3,Yes
1632,32,Male,Married,Sales,Sales Executive,3,Marketing,Travel_Rarely,12,1,2773,13,No,6,1,0,1,1,1,2,0,2,1,3,2,3,Yes
1633,28,Male,Divorced,Research & Development,Manufacturing Director,2,Medical,Travel_Rarely,7,3,8679,18,No,0,0,0,0,0,5,2,3,2,1,2,3,4,No
1634,41,Male,Divorced,Sales,Sales Representative,2,Medical,Travel_Rarely,4,2,4944,18,No,14,7,3,1,0,3,1,0,4,1,3,1,3,No
1635,32,Female,Single,Research & Development,Research Director,3,Marketing,Travel_Rarely,13,3,7787,11,No,8,2,0,2,0,1,5,3,4,3,2,3,4,No
1636,35,Male,Single,Research & Development,Research Director,4,Life Sciences,Travel_Rarely,17,3,4662,15,No,0,0,0,0,0,6,3,1,2,4,3,2,3,Yes
1637,32,Male,Married,Research & Development,Research Scientist,5,Marketing,Travel_Rarely,1,1,1631,16,Yes,9,3,3,2,0,5,4,1,2,1,4,2,3,Yes
1638,46,Female,Married,Human Resources,HR Manager,2,Other,Travel_Rarely,11,5,10992,11,Yes,3,3,1,3,3,3,4,0,3,2,3,3,3,No
1639,29,Male,Divorced,Research & Development,Research Director,4,Life Sciences,Travel_Frequently,1,3,8147,16,No,6,6,6,0,0,3,2,0,4,2,4,4,3,No
1640,32,Female,Married,Research & Development,Research Director,5,Life Sciences,Travel_Frequently,2,1,3893,13,No,4,0,0,0,0,4,2,0,4,1,4,3,4,No
1641,48,Female,Married,Sales,Sales Executive,4,Technical Degree,Travel_Rarely,6,2,5764,12,No,1,1,1,0,1,4,1,1,4,3,3,1,3,No
1642,33,Male,Single,Human Resources,HR Manager,4,Human Resources,Travel_Rarely,4,1,3058,17,No,12,7,2,4,1,1,2,1,4,3,3,3,4,No
1643,35,Female,Married,Research & Development,Research Director,3,Marketing,Travel_Rarely,1,1,4414,16,No,6,3,1,0,0,3,4,0,4,4,2,2,4,No
1644,23,Male,Divorced,Sales,Sales Representative,1,Marketing,Travel_Rarely,7,3,8617,21,No,20,13,4,1,2,2,5,0,4,2,3,3,3,No
1645,47,Male,Married,Research & Development,Laboratory Technician,4,Technical Degree,Travel_Frequently,1,2,4788,17,No,12,5,4,2,1,1,2,1,2,4,3,2,3,No
1646,30,Male,Married,Research & Development,Manufacturing Director,3,Life Sciences,Travel_Rarely,20,2,5426,16,No,11,4,1,0,4,3,3,0,3,2,3,1,3,No
1647,41,Male,Married,Research & Development,Research Director,4,Human Resources,Travel_Frequently,14,3,5959,17,No,9,8,2,1,0,2,4,0,1,2,2,3,3,No
1648,28,Female,Single,Research & Development,Laboratory Technician,2,Life Sciences,Travel_Rarely,6,4,11499,17,No,32,30,11,0,0,5,4,3,2,4,2,3,3,No
1649,46,Male,Divorced,Research & Development,Manufacturing Director,3,Life Sciences,Travel_Rarely,1,4,10664,14,No,2,1,1,1,0,3,4,1,4,1,3,2,3,No
1650,41,Female,Divorced,Research & Development,Manufacturing Director,4,Human Resources,Travel_Rarely,1,1,2676,23,No,0,0,0,0,0,6,2,1,2,4,2,3,3,Yes
1651,40,Female,Married,Research & Development,Laboratory Technician,3,Human Resources,Travel_Rarely,8,1,3306,17,No,6,1,1,1,0,2,6,1,1,4,1,2,3,No
1652,42,Male,Single,Sales,Sales Executive,4,Marketing,Travel_Rarely,8,2,5729,15,No,20,13,13,0,6,0,3,0,1,1,2,2,3,No
1653,40,Male,Divorced,Research & Development,Laboratory Technician,3,Other,Travel_Rarely,1,1,3937,11,No,1,0,0,0,0,4,1,1,3,3,2,3,3,Yes
1654,30,Female,Single,Sales,Manager,3,Human Resources,Travel_Frequently,1,3,7580,11,No,7,4,4,3,0,1,2,0,4,1,4,2,3,No
1655,38,Male,Married,Research & Development,Research Scientist,4,Life Sciences,Travel_Rarely,5,1,2246,11,Yes,1,0,0,0,0,2,4,1,1,3,3,2,3,Yes
1656,48,Female,Married,Research & Development,Research Director,3,Other,Travel_Rarely,3,1,4190,17,No,12,12,1,0,6,1,3,0,3,1,3,3,3,No
1657,30,Female,Married,Research & Development,Laboratory Technician,1,Medical,Travel_Rarely,7,1,3348,14,No,15,12,2,0,0,3,0,1,4,4,4,4,4,No
1658,27,Male,Married,Sales,Sales Executive,4,Medical,Travel_Frequently,4,4,10595,18,No,4,2,2,0,0,1,6,1,2,3,1,4,3,Yes
1659,38,Male,Married,Research & Development,Research Director,3,Human Resources,Travel_Frequently,8,2,5888,17,Yes,7,0,0,0,0,3,4,2,1,4,3,3,4,Yes
1660,47,Female,Divorced,Research & Development,Manufacturing Director,3,Technical Degree,Travel_Rarely,3,2,3638,14,Yes,1,0,0,0,0,3,0,3,4,4,2,2,4,No
1661,42,Female,Single,Research & Development,Research Director,4,Medical,Travel_Rarely,26,1,6702,14,No,9,9,2,5,2,1,6,0,3,2,2,1,4,No
1662,43,Female,Single,Research & Development,Research Director,3,Technical Degree,Travel_Rarely,5,2,5546,11,No,12,5,1,3,4,5,3,2,3,4,2,2,4,Yes
1663,31,Male,Single,Research & Development,Laboratory Technician,3,Technical Degree,Travel_Rarely,24,2,4602,15,No,5,2,2,0,2,3,2,0,3,2,3,1,4,No
1664,58,Female,Single,Sales,Sales Representative,4,Life Sciences,Travel_Frequently,10,1,4620,11,No,5,0,0,0,0,5,5,0,3,2,3,2,3,Yes
1665,47,Male,Single,Research & Development,Laboratory Technician,4,Marketing,Travel_Rarely,1,3,6131,12,No,7,0,0,0,0,4,4,0,3,1,3,3,3,No
1666,35,Male,Single,Research & Development,Manufacturing Director,3,Other,Travel_Frequently,7,1,5758,18,No,10,6,0,4,0,2,2,0,3,2,3,4,3,No
1667,30,Female,Divorced,Research & Development,Research Scientist,2,Other,Travel_Rarely,9,4,9967,15,No,12,8,2,0,2,2,3,0,3,1,2,4,3,No
1668,25,Female,Single,Research & Development,Manufacturing Director,4,Other,Travel_Rarely,12,5,12944,16,No,10,5,0,5,0,1,0,0,2,3,2,3,4,Yes
1669,25,Male,Married,Research & Development,Research Director,3,Marketing,Travel_Rarely,29,2,5020,16,No,8,1,1,0,0,4,2,3,3,2,2,3,3,No
1670,25,Male,Married,Research & Development,Research Scientist,2,Marketing,Travel_Frequently,14,2,7414,13,No,12,6,6,0,0,2,6,2,4,1,1,3,3,No
1671,33,Female,Married,Research & Development,Laboratory Technician,1,Human Resources,Travel_Rarely,6,3,7400,22,No,1,1,0,0,0,4,0,1,2,3,3,3,3,No
1672,24,Male,Single,Research & Development,Manufacturing Director,2,Life Sciences,Non-Travel,2,1,5425,17,No,13,12,0,0,3,0,2,1,2,2,4,1,3,No
1673,43,Male,Married,Research & Development,Laboratory Technician,1,Other,Travel_Rarely,18,3,7364,16,No,10,10,6,1,0,1,0,0,2,4,4,3,3,No
1674,48,Male,Married,Sales,Sales Executive,4,Life Sciences,Travel_Frequently,5,2,6384,11,No,6,1,0,0,1,2,3,1,2,4,2,3,4,No
1675,27,Female,Married,Research & Development,Research Director,1,Life Sciences,Travel_Frequently,9,3,8007,19,No,8,3,2,2,2,0,3,0,1,2,3,3,3,No
1676,32,Male,Married,Research & Development,Manufacturing Director,3,Medical,Travel_Rarely,7,2,4524,11,Yes,13,9,3,4,1,0,1,0,4,1,3,2,3,Yes
1677,34,Male,Divorced,Research & Development,Research Director,2,Human Resources,Travel_Frequently,8,1,3568,14,No,2,2,2,2,2,2,3,1,2,4,4,3,3,No
1678,26,Male,Divorced,Research & Development,Manufacturing Director,3,Medical,Travel_Frequently,9,2,4418,17,Yes,4,0,0,0,0,0,1,3,3,3,3,3,4,Yes
1679,28,Female,Married,Sales,Manager,1,Other,Non-Travel,1,1,3031,14,No,2,1,1,1,1,7,3,0,4,1,3,3,3,No
1680,31,Male,Married,Research & Development,Laboratory Technician,3,Medical,Travel_Rarely,11,1,3952,13,No,11,4,0,1,0,4,4,2,2,2,3,2,3,Yes
1681,37,Female,Married,Research & Development,Manufacturing Director,3,Human Resources,Travel_Rarely,18,1,3426,11,No,12,5,2,1,0,3,2,1,4,2,3,3,4,No
1682,33,Male,Married,Research & Development,Research Director,3,Marketing,Travel_Rarely,4,2,4895,11,No,3,2,0,2,0,2,4,1,3,3,3,4,3,No
1683,47,Male,Single,Research & Development,Research Director,3,Medical,Travel_Rarely,7,1,3531,11,No,8,3,0,0,1,3,1,2,2,3,2,2,3,No
1684,30,Male,Divorced,Research & Development,Research Director,1,Life Sciences,Travel_Frequently,4,3,6752,13,No,5,1,1,1,1,4,3,1,2,3,3,3,3,No
1685,21,Female,Married,Research & Development,Manufacturing Director,2,Other,Travel_Rarely,9,3,7773,25,No,3,0,0,0,0,1,2,0,1,2,3,2,3,Yes
1686,33,Male,Divorced,Sales,Sales Representative,3,Marketing,Travel_Rarely,26,2,3234,14,No,7,0,0,0,0,1,2,1,2,3,3,3,3,No
1687,38,Male,Married,Research & Development,Laboratory Technician,2,Marketing,Travel_Rarely,7,3,9978,13,Yes,9,4,0,0,0,4,3,0,3,3,4,3,3,No
1688,34,Male,Married,Research & Development,Laboratory Technician,3,Medical,Travel_Rarely,1,3,5778,13,No,10,3,0,0,3,6,0,1,1,4,2,3,3,No
1689,28,Male,Single,Research & Development,Manufacturing Director,2,Marketing,Non-Travel,17,1,3581,12,Yes,7,4,4,1,2,1,1,0,3,3,4,3,3,No
1690,38,Female,Married,Sales,Manager,5,Other,Travel_Frequently,11,4,7624,11,No,5,2,2,2,0,3,3,1,3,1,2,1,3,No
1691,47,Male,Married,Research & Development,Laboratory Technician,3,Marketing,Travel_Rarely,1,2,6431,14,Yes,10,6,0,6,0,1,2,0,3,3,2,3,3,Yes
1692,41,Male,Married,Sales,Sales Executive,3,Human Resources,Travel_Rarely,1,3,7928,12,No,6,4,1,0,2,5,2,0,2,4,4,2,3,No
1693,34,Male,Single,Research & Development,Manufacturing Director,3,Human Resources,Non-Travel,5,3,6728,11,No,4,4,2,1,4,4,1,0,3,4,4,2,3,No
1694,40,Female,Married,Sales,Sales Executive,4,Medical,Travel_Rarely,3,2,8142,11,No,13,11,1,3,5,1,6,3,2,4,1,1,3,Yes
1695,40,Male,Single,Sales,Sales Executive,1,Medical,Travel_Rarely,1,1,3207,11,Yes,9,2,2,0,2,0,3,0,1,4,3,4,4,Yes
1696,34,Male,Single,Sales,Sales Executive,4,Life Sciences,Travel_Rarely,6,1,6226,15,No,18,11,0,0,1,7,4,1,2,4,3,3,3,Yes
1697,45,Male,Single,Research & Development,Research Director,3,Marketing,Travel_Rarely,1,1,2591,12,Yes,8,5,4,1,2,1,2,0,2,3,2,3,4,No
1698,46,Female,Married,Research & Development,Research Director,3,Other,Travel_Rarely,4,3,8566,24,No,15,14,0,8,0,1,6,1,3,4,3,3,3,No
1699,35,Female,Married,Sales,Manager,5,Medical,Travel_Rarely,6,2,4916,15,No,3,1,1,0,0,7,6,1,4,4,2,2,3,No
1700,45,Female,Married,Research & Development,Research Director,3,Marketing,Travel_Rarely,2,3,8732,11,No,4,3,2,1,0,3,3,1,3,3,3,3,3,No
1701,38,Male,Divorced,Research & Development,Research Director,3,Human Resources,Travel_Rarely,2,3,8103,12,No,5,1,1,1,1,6,6,0,1,3,2,3,4,No
1702,44,Male,Married,Sales,Sales Representative,4,Medical,Travel_Frequently,3,1,5988,11,Yes,4,2,2,1,0,4,4,2,4,2,3,2,3,Yes
1703,24,Female,Married,Research & Development,Laboratory Technician,1,Other,Travel_Rarely,19,2,6387,15,No,1,1,1,1,1,0,5,0,1,4,3,3,3,No
1704,47,Male,Divorced,Research & Development,Research Director,5,Human Resources,Travel_Rarely,12,2,3552,14,No,8,1,1,1,1,5,1,1,4,4,3,3,3,No
1705,32,Male,Divorced,Sales,Manager,3,Technical Degree,Travel_Rarely,10,3,8455,11,No,4,1,1,1,1,4,2,0,3,3,2,3,4,No
1706,45,Male,Divorced,Research & Development,Manufacturing Director,4,Marketing,Travel_Frequently,3,2,4114,16,No,4,2,2,2,0,1,2,3,4,1,3,1,3,No
1707,35,Male,Married,Sales,Sales Representative,2,Other,Travel_Rarely,29,4,10663,12,No,4,1,1,0,1,1,3,1,2,2,2,2,3,No
1708,18,Male,Single,Sales,Sales Representative,3,Other,Travel_Rarely,15,1,2966,14,No,7,4,3,2,2,5,4,0,4,3,3,2,4,No
1709,33,Female,Divorced,Research & Development,Manufacturing Director,3,Human Resources,Non-Travel,4,2,4563,19,No,3,1,1,0,0,3,3,0,1,1,1,4,3,Yes
1710,36,Female,Married,Research & Development,Research Director,2,Other,Non-Travel,5,1,4341,20,No,15,9,9,2,0,2,5,1,4,3,2,3,4,No
1711,36,Female,Married,Research & Development,Research Director,3,Marketing,Travel_Rarely,1,1,3856,17,No,12,9,0,7,0,5,1,0,2,1,2,3,4,No
1712,42,Female,Single,Research & Development,Research Scientist,2,Other,Non-Travel,8,4,10244,11,No,12,5,2,0,3,4,1,0,3,1,4,3,3,No
1713,35,Female,Married,Sales,Manager,3,Human Resources,Non-Travel,1,3,6756,12,Yes,1,0,0,0,0,4,4,1,1,4,3,3,3,Yes
1714,31,Male,Single,Sales,Sales Executive,3,Technical Degree,Travel_Rarely,1,1,1417,11,No,10,4,4,2,0,2,4,1,4,1,3,3,3,No
1715,35,Female,Single,Sales,Sales Executive,4,Other,Non-Travel,3,1,1169,17,Yes,7,5,1,0,4,3,2,0,3,1,3,3,4,No
1716,21,Male,Divorced,Sales,Manager,3,Life Sciences,Travel_Rarely,1,2,5792,15,No,7,3,3,0,3,1,2,0,1,2,3,1,3,No
1717,43,Male,Divorced,Research & Development,Research Scientist,2,Other,Travel_Frequently,10,1,6141,12,No,24,17,0,0,1,3,2,0,4,4,4,3,3,Yes
1718,35,Male,Married,Sales,Sales Representative,5,Medical,Travel_Rarely,8,2,6889,14,No,10,9,2,8,4,4,6,1,4,4,3,2,3,No
1719,53,Male,Married,Research & Development,Research Scientist,5,Human Resources,Travel_Rarely,2,2,3829,11,No,6,3,2,1,1,4,6,0,2,4,2,1,4,Yes
1720,43,Female,Divorced,Sales,Sales Representative,3,Other,Travel_Frequently,8,1,3912,11,No,16,11,2,3,1,4,3,1,3,2,3,3,3,No
1721,23,Male,Single,Research & Development,Research Scientist,3,Medical,Travel_Frequently,1,1,9151,21,No,30,24,1,0,3,2,1,1,2,4,3,2,3,No
1722,37,Female,Married,Sales,Sales Representative,3,Human Resources,Travel_Rarely,17,2,3076,14,No,5,1,1,1,0,1,5,1,1,2,1,3,3,Yes
1723,58,Female,Divorced,Sales,Sales Representative,2,Human Resources,Travel_Rarely,14,3,7672,12,Yes,2,0,0,0,0,1,3,1,3,2,3,3,3,No
1724,42,Male,Married,Research & Development,Research Director,4,Life Sciences,Travel_Frequently,3,1,7704,15,No,16,15,3,1,6,3,2,1,1,3,1,2,4,Yes
1725,34,Female,Divorced,Research & Development,Research Scientist,1,Other,Travel_Rarely,1,1,4996,17,Yes,5,2,0,1,2,3,2,0,3,4,2,3,3,No
1726,47,Female,Single,Research & Development,Manufacturing Director,1,Other,Travel_Rarely,4,2,6619,11,No,3,0,0,0,0,1,1,2,3,4,1,2,3,No
1727,40,Female,Single,Research & Development,Research Director,4,Life Sciences,Travel_Rarely,13,5,14056,15,No,1,0,0,0,0,4,5,3,4,2,3,3,3,No
1728,43,Female,Married,Sales,Sales Representative,2,Human Resources,Non-Travel,2,1,5450,20,Yes,14,8,0,3,0,4,1,1,3,3,3,3,3,No
1729,26,Female,Married,Sales,Manager,3,Life Sciences,Travel_Rarely,5,1,6437,11,No,11,7,7,0,0,2,3,0,3,2,4,3,3,No
1730,42,Male,Single,Sales,Sales Representative,3,Life Sciences,Non-Travel,29,4,10453,11,No,14,10,4,2,1,2,2,0,4,3,3,4,3,No
1731,28,Female,Divorced,Sales,Manager,1,Human Resources,Travel_Rarely,2,1,4249,15,No,1,1,1,1,1,2,1,0,4,4,3,2,3,No
1732,44,Female,Married,Sales,Sales Representative,1,Human Resources,Travel_Rarely,4,2,3823,16,No,2,0,0,0,0,2,2,0,4,2,1,4,3,Yes
1733,30,Male,Single,Sales,Sales Representative,5,Marketing,Travel_Rarely,1,4,7811,13,No,9,5,3,0,2,2,3,1,4,1,4,2,3,Yes
1734,33,Male,Married,Sales,Sales Executive,1,Medical,Travel_Rarely,1,3,7974,11,No,8,2,2,2,0,1,3,3,3,2,4,3,4,No
1735,46,Female,Single,Research & Development,Laboratory Technician,2,Marketing,Travel_Rarely,19,5,12411,16,No,6,2,2,2,2,1,4,1,2,3,3,3,3,No
1736,41,Male,Married,Sales,Manager,4,Technical Degree,Travel_Rarely,1,2,6086,12,No,7,1,1,1,1,3,3,0,4,4,3,3,4,Yes
1737,37,Female,Married,Research & Development,Manufacturing Director,2,Marketing,Travel_Frequently,1,1,4612,15,No,8,8,4,1,8,1,2,0,4,4,2,2,3,Yes
1738,27,Male,Divorced,Research & Development,Laboratory Technician,3,Human Resources,Travel_Frequently,1,2,6546,11,No,7,4,0,2,1,4,2,2,3,1,3,3,3,Yes
1739,28,Male,Single,Sales,Manager,2,Marketing,Travel_Rarely,3,1,3408,15,Yes,3,2,1,2,1,7,0,1,4,1,2,2,3,No
1740,34,Female,Married,Research & Development,Research Director,4,Human Resources,Non-Travel,5,1,2531,15,Yes,9,2,0,1,2,2,2,0,2,2,3,2,3,Yes
1741,30,Female,Single,Sales,Sales Executive,3,Human Resources,Travel_Frequently,1,2,4989,13,No,5,4,1,0,4,4,2,0,4,3,4,2,3,Yes
1742,31,Female,Divorced,Research & Development,Research Director,3,Human Resources,Travel_Rarely,14,2,6911,15,Yes,4,3,0,0,2,6,2,0,3,2,3,3,4,No
1743,49,Female,Married,Research & Development,Laboratory Technician,3,Human Resources,Travel_Frequently,1,1,4145,21,No,1,1,0,1,0,4,2,1,3,4,4,3,4,No
1744,42,Male,Married,Research & Development,Laboratory Technician,3,Medical,Travel_Frequently,1,1,3331,15,No,7,5,0,5,5,3,2,1,2,4,3,3,3,No
1745,26,Female,Married,Research & Development,Research Scientist,3,Technical Degree,Travel_Rarely,1,4,8725,19,Yes,10,6,6,0,0,2,2,0,3,4,3,3,3,No
1746,28,Female,Married,Research & Development,Laboratory Technician,4,Life Sciences,Travel_Rarely,9,1,3070,16,No,3,2,0,0,2,6,2,1,1,4,1,3,3,No
1747,36,Female,Divorced,Human Resources,Human Resources,4,Technical Degree,Travel_Rarely,17,2,8003,18,No,9,3,3,0,2,2,2,0,3,2,3,2,3,No
1748,33,Male,Divorced,Sales,Manager,3,Human Resources,Travel_Rarely,1,2,9050,11,Yes,18,14,1,0,2,3,0,1,4,3,2,3,3,No
1749,43,Female,Divorced,Research & Development,Laboratory Technician,3,Technical Degree,Travel_Rarely,9,4,8911,12,No,5,2,1,1,0,0,2,0,4,2,3,3,4,No
1750,46,Female,Married,Research & Development,Research Director,4,Other,Travel_Rarely,8,3,7154,16,Yes,11,4,4,4,0,3,6,3,1,1,2,3,3,No
1751,57,Female,Single,Research & Development,Laboratory Technician,4,Other,Travel_Rarely,8,1,3351,11,No,7,1,1,0,1,4,2,2,1,4,1,3,4,No
1752,42,Female,Married,Sales,Sales Representative,2,Life Sciences,Travel_Rarely,5,1,4394,15,Yes,9,5,0,5,1,1,2,3,2,2,4,3,4,No
1753,36,Female,Divorced,Research & Development,Research Scientist,3,Technical Degree,Travel_Rarely,1,1,2269,12,No,10,3,3,3,1,3,3,2,3,3,3,2,3,No
1754,49,Male,Married,Research & Development,Research Director,3,Technical Degree,Travel_Rarely,9,2,5001,11,Yes,5,0,0,0,0,0,2,2,2,1,3,3,3,Yes
1755,37,Female,Divorced,Research & Development,Laboratory Technician,2,Technical Degree,Travel_Rarely,29,2,8120,17,Yes,6,2,2,0,0,6,6,1,3,4,3,2,3,No
1756,34,Male,Single,Research & Development,Research Director,3,Medical,Travel_Rarely,7,4,8806,12,Yes,4,1,1,0,0,3,1,1,2,2,1,3,3,Yes
1757,52,Female,Single,Research & Development,Manufacturing Director,2,Medical,Travel_Rarely,6,2,4634,14,No,6,0,0,0,0,0,3,1,3,4,3,2,3,No
1758,46,Female,Divorced,Sales,Sales Executive,3,Marketing,Travel_Rarely,2,2,5647,18,No,1,0,0,0,0,1,3,1,3,1,3,2,3,No
1759,44,Male,Divorced,Human Resources,HR Manager,3,Technical Degree,Travel_Rarely,1,1,6029,11,No,19,15,1,0,4,3,5,0,1,4,4,3,3,No
1760,39,Male,Single,Sales,Sales Executive,3,Life Sciences,Non-Travel,10,5,11342,15,Yes,13,6,1,1,1,3,2,1,4,2,2,3,4,Yes
1761,37,Female,Divorced,Sales,Sales Representative,4,Life Sciences,Non-Travel,7,2,6851,13,Yes,5,4,0,2,0,2,5,0,1,3,3,4,3,Yes
1762,39,Female,Married,Sales,Sales Representative,2,Life Sciences,Travel_Rarely,24,2,5803,11,No,7,1,1,0,1,1,4,2,3,2,3,4,4,No
1763,50,Female,Divorced,Research & Development,Manufacturing Director,3,Technical Degree,Travel_Rarely,18,1,4384,17,No,8,8,8,1,0,4,2,1,3,3,1,3,3,No
1764,37,Male,Married,Research & Development,Research Director,5,Life Sciences,Travel_Rarely,9,1,4240,15,No,7,0,0,0,0,2,3,0,1,4,3,3,3,No
1765,53,Female,Married,Research & Development,Laboratory Technician,2,Technical Degree,Travel_Rarely,20,1,2463,11,No,13,6,0,2,1,4,4,0,4,2,1,3,3,No
1766,18,Female,Married,Research & Development,Research Scientist,2,Medical,Travel_Rarely,21,2,4621,19,Yes,9,2,2,2,1,2,1,0,4,1,3,1,3,No
1767,36,Female,Divorced,Research & Development,Research Director,3,Other,Travel_Rarely,11,1,4927,11,Yes,6,1,0,1,1,1,2,0,4,3,3,3,3,No
1768,26,Male,Divorced,Sales,Sales Representative,3,Marketing,Travel_Rarely,9,2,7770,12,No,7,4,0,0,2,2,3,0,3,4,3,2,3,No
1769,36,Female,Married,Research & Development,Research Scientist,2,Medical,Travel_Rarely,21,1,2729,11,No,12,7,6,2,0,1,2,0,4,2,3,3,4,No
1770,44,Male,Single,Research & Development,Laboratory Technician,1,Human Resources,Travel_Frequently,5,1,4707,25,No,3,0,0,0,0,5,1,1,2,1,3,3,4,No
1771,37,Female,Married,Research & Development,Research Scientist,3,Other,Travel_Rarely,11,3,5514,15,Yes,0,0,0,0,0,1,4,2,4,2,4,3,3,No
1772,29,Male,Divorced,Sales,Sales Executive,2,Human Resources,Travel_Rarely,4,1,5966,22,No,22,18,12,1,6,6,3,1,4,3,2,4,3,No
1773,36,Female,Divorced,Research & Development,Manufacturing Director,3,Human Resources,Travel_Rarely,1,1,6518,22,No,19,12,3,2,1,2,2,3,4,2,4,2,3,No
1774,36,Male,Divorced,Sales,Sales Executive,3,Technical Degree,Travel_Rarely,4,1,4927,20,Yes,7,1,1,1,1,3,2,0,1,2,3,3,3,Yes
1775,29,Male,Married,Research & Development,Research Scientist,1,Other,Travel_Rarely,20,4,6462,20,No,0,0,0,0,0,4,5,2,4,4,2,3,3,No
1776,40,Female,Divorced,Research & Development,Manufacturing Director,1,Human Resources,Travel_Frequently,2,1,4538,18,Yes,18,11,1,0,0,2,3,0,3,4,2,3,3,Yes
1777,22,Male,Single,Sales,Sales Executive,3,Human Resources,Travel_Rarely,6,2,6139,14,No,7,3,3,0,1,7,2,1,3,3,3,3,3,No
1778,28,Female,Married,Research & Development,Manufacturing Director,5,Life Sciences,Travel_Frequently,2,1,3896,15,No,10,4,1,0,2,4,5,0,2,3,2,3,3,Yes
1779,39,Female,Divorced,Sales,Manager,5,Human Resources,Travel_Rarely,3,3,7657,14,No,8,4,4,4,4,5,1,0,4,3,3,3,3,No
1780,30,Male,Married,Sales,Manager,3,Technical Degree,Travel_Rarely,4,1,4057,18,No,7,7,0,1,0,6,2,1,3,4,2,2,3,No
1781,32,Female,Married,Research & Development,Manufacturing Director,3,Human Resources,Travel_Frequently,7,2,5284,14,No,3,2,2,2,2,6,4,1,2,4,4,1,4,No
1782,23,Male,Married,Research & Development,Laboratory Technician,2,Technical Degree,Non-Travel,4,2,4316,13,No,6,6,0,1,3,4,3,1,3,3,2,2,3,No
1783,39,Female,Divorced,Research & Development,Laboratory Technician,2,Medical,Travel_Frequently,4,3,7041,15,No,6,5,0,0,5,1,4,1,3,4,2,3,3,No
1784,23,Female,Married,Research & Development,Research Director,1,Human Resources,Travel_Frequently,1,1,3337,15,No,4,0,0,0,0,1,4,0,4,4,4,3,3,Yes
1785,49,Female,Single,Sales,Manager,5,Medical,Non-Travel,22,3,7249,21,Yes,13,10,0,7,4,4,3,0,2,2,2,3,4,Yes
1786,37,Female,Married,Research & Development,Laboratory Technician,2,Technical Degree,Travel_Rarely,8,4,9001,11,No,6,4,1,1,4,4,6,2,3,2,2,3,3,No
1787,46,Male,Married,Research & Development,Manufacturing Director,3,Other,Travel_Rarely,1,4,7701,20,No,10,8,2,0,0,4,3,0,1,1,2,2,3,No
1788,21,Female,Single,Sales,Manager,3,Human Resources,Travel_Rarely,8,3,7833,12,No,5,1,1,1,1,8,2,1,3,3,4,2,3,No
1789,47,Female,Single,Research & Development,Laboratory Technician,3,Medical,Travel_Frequently,26,4,10621,13,No,7,0,0,0,0,2,1,3,3,3,3,3,3,No
1790,32,Female,Married,Research & Development,Research Director,3,Marketing,Travel_Frequently,1,2,5964,19,No,2,1,0,0,1,4,1,1,4,1,3,1,3,No
1791,50,Male,Married,Sales,Sales Executive,3,Life Sciences,Travel_Rarely,15,1,5014,13,Yes,11,6,4,1,0,1,3,1,1,4,2,3,3,No
1792,32,Female,Married,Sales,Manager,1,Technical Degree,Travel_Rarely,2,2,4747,15,Yes,6,2,2,0,1,5,6,1,2,2,3,1,3,Yes
1793,46,Male,Single,Sales,Sales Executive,5,Human Resources,Travel_Rarely,12,4,10559,17,No,6,0,0,0,0,2,6,1,2,4,3,4,4,No
1794,37,Female,Single,Research & Development,Research Scientist,4,Technical Degree,Travel_Rarely,4,1,4485,11,Yes,9,4,4,4,1,2,2,1,3,1,2,3,3,Yes
1795,39,Male,Divorced,Research & Development,Manufacturing Director,2,Medical,Travel_Rarely,7,1,3815,14,No,5,5,1,3,1,1,5,2,2,2,2,4,3,Yes
1796,40,Female,Single,Sales,Sales Representative,2,Human Resources,Travel_Rarely,4,4,9099,11,No,15,9,0,2,0,2,1,0,3,2,3,3,3,No
1797,31,Female,Divorced,Research & Development,Manufacturing Director,4,Medical,Travel_Rarely,2,5,10806,12,No,6,1,0,0,1,5,3,0,4,3,2,3,3,No
1798,28,Female,Married,Research & Development,Laboratory Technician,3,Life Sciences,Travel_Rarely,1,3,7200,12,No,3,1,0,1,1,2,2,2,2,2,3,3,3,No
1799,41,Female,Single,Research & Development,Laboratory Technician,3,Marketing,Travel_Rarely,18,1,2114,13,No,4,1,0,1,0,3,1,2,4,1,3,3,3,No
1800,44,Female,Married,Sales,Sales Executive,2,Life Sciences,Non-Travel,8,1,4910,14,Yes,4,0,0,0,0,2,3,0,1,3,3,3,3,No
1801,34,Female,Divorced,Research & Development,Research Director,3,Human Resources,Travel_Frequently,1,3,9720,19,No,7,3,2,3,2,2,5,0,1,2,1,3,3,Yes
1802,23,Male,Divorced,Research & Development,Research Director,3,Medical,Travel_Rarely,1,1,4205,14,No,4,0,0,0,0,3,4,2,4,3,3,3,3,No
1803,26,Male,Single,Research & Development,Research Director,1,Technical Degree,Travel_Rarely,1,1,3980,13,No,7,1,1,1,1,2,1,0,2,4,3,3,3,Yes
1804,33,Male,Married,Sales,Sales Executive,3,Medical,Travel_Rarely,10,1,5310,16,Yes,2,0,0,0,0,1,2,1,1,4,1,3,3,Yes
1805,30,Male,Single,Research & Development,Research Director,2,Medical,Travel_Rarely,1,1,3052,13,No,1,1,1,0,1,4,3,0,4,4,3,3,3,Yes
1806,32,Male,Divorced,Research & Development,Manufacturing Director,2,Marketing,Travel_Rarely,1,4,10547,11,No,11,10,2,1,3,3,3,1,4,2,2,3,3,No
1807,41,Female,Single,Research & Development,Research Director,3,Technical Degree,Travel_Rarely,8,2,3791,16,Yes,6,1,0,0,1,3,2,1,3,4,3,3,4,Yes
1808,44,Female,Married,Sales,Sales Executive,2,Medical,Travel_Rarely,9,4,9456,11,No,4,1,1,1,1,3,1,1,1,1,3,3,3,No
1809,43,Female,Married,Sales,Sales Executive,3,Human Resources,Travel_Rarely,2,1,2684,11,Yes,14,11,0,0,1,2,2,2,3,3,4,2,3,Yes
1810,41,Male,Divorced,Research & Development,Research Scientist,3,Other,Travel_Frequently,1,3,8389,14,No,4,3,3,3,0,4,3,1,4,3,3,3,3,No
1811,46,Female,Divorced,Research & Development,Research Director,4,Other,Travel_Rarely,19,3,6300,16,No,10,6,5,1,5,6,2,0,3,4,1,3,3,No
1812,39,Male,Divorced,Research & Development,Research Director,5,Human Resources,Travel_Frequently,14,2,5624,13,No,4,4,2,4,0,2,5,1,2,3,2,2,3,No
1813,30,Female,Single,Sales,Manager,3,Other,Travel_Frequently,8,5,13004,16,Yes,8,3,1,2,0,3,5,0,3,3,4,2,3,Yes
1814,41,Male,Single,Research & Development,Research Director,3,Human Resources,Non-Travel,12,3,7466,21,No,9,6,4,1,2,5,5,1,3,1,4,3,3,No
1815,22,Female,Married,Research & Development,Laboratory Technician,4,Human Resources,Non-Travel,2,1,6025,22,No,2,0,0,0,0,4,6,0,1,3,4,3,3,No
1816,21,Female,Married,Sales,Sales Executive,3,Other,Travel_Frequently,3,5,13624,11,Yes,14,8,4,0,8,2,5,1,2,3,4,3,4,No
1817,41,Female,Divorced,Research & Development,Research Director,3,Life Sciences,Travel_Rarely,6,2,3687,11,No,3,0,0,0,0,3,5,1,1,1,2,2,3,No
1818,28,Female,Married,Research & Development,Research Director,2,Other,Travel_Rarely,1,3,7636,14,No,12,11,0,1,11,2,3,3,3,4,4,3,3,No
1819,46,Male,Single,Sales,Sales Executive,3,Human Resources,Travel_Rarely,11,3,7898,21,No,7,3,1,3,3,4,1,1,4,4,3,1,3,No
1820,28,Female,Married,Research & Development,Manufacturing Director,2,Medical,Travel_Frequently,5,1,2234,18,Yes,8,5,0,2,5,4,2,1,2,1,3,1,3,Yes
1821,26,Female,Divorced,Research & Development,Manufacturing Director,5,Life Sciences,Travel_Rarely,4,5,10889,12,No,0,0,0,0,0,1,3,2,3,4,4,3,3,No
1822,34,Male,Married,Sales,Sales Executive,3,Technical Degree,Travel_Frequently,12,4,10085,16,No,12,8,8,2,2,5,2,0,3,3,3,3,4,No
1823,30,Male,Divorced,Research & Development,Manufacturing Director,3,Other,Travel_Rarely,16,1,2958,20,No,5,1,1,0,0,7,2,0,3,3,3,3,3,No
1824,38,Female,Divorced,Research & Development,Research Director,4,Marketing,Travel_Rarely,7,2,6033,13,Yes,3,2,1,2,1,4,2,0,2,1,3,3,3,Yes
1825,43,Female,Single,Sales,Sales Executive,2,Technical Degree,Travel_Rarely,15,1,5692,12,No,12,6,0,1,6,4,2,0,4,3,4,1,3,No
1826,45,Male,Divorced,Research & Development,Research Scientist,2,Other,Travel_Frequently,8,3,7221,13,No,13,8,1,2,1,5,2,1,1,2,3,3,3,No
1827,26,Female,Married,Sales,Manager,3,Marketing,Travel_Frequently,6,2,7009,11,No,1,1,1,0,0,5,3,0,3,3,4,3,4,No
1828,33,Female,Married,Research & Development,Research Scientist,1,Human Resources,Travel_Frequently,2,1,3616,14,No,9,3,1,3,3,2,2,0,1,2,1,3,3,No
1829,49,Female,Divorced,Sales,Sales Executive,1,Life Sciences,Travel_Frequently,3,2,8506,13,No,21,16,1,0,13,3,2,1,3,2,3,3,3,No
1830,23,Male,Single,Sales,Sales Representative,1,Marketing,Travel_Rarely,4,1,4877,20,Yes,4,1,1,1,1,3,2,2,2,2,3,2,3,Yes
1831,26,Female,Divorced,Research & Development,Laboratory Technician,3,Medical,Travel_Rarely,7,2,6523,14,No,3,1,0,0,1,4,2,1,1,3,3,2,3,No
1832,35,Male,Married,Sales,Manager,3,Human Resources,Travel_Rarely,1,1,4320,13,Yes,3,0,0,0,0,5,6,0,4,2,2,3,3,Yes
1833,37,Male,Married,Sales,Sales Executive,2,Marketing,Travel_Frequently,5,5,10764,18,Yes,7,3,0,3,0,2,2,0,3,1,3,1,3,Yes
1834,29,Male,Married,Research & Development,Laboratory Technician,4,Marketing,Travel_Rarely,12,2,5428,16,Yes,7,0,0,0,0,2,4,1,3,3,1,3,3,Yes
1835,29,Female,Married,Human Resources,HR Manager,4,Marketing,Travel_Rarely,1,1,2895,12,No,11,7,2,0,1,6,2,0,3,1,3,4,3,No
1836,40,Female,Married,Sales,Sales Representative,2,Technical Degree,Travel_Rarely,1,2,5565,19,No,9,7,1,1,5,2,1,1,4,2,4,4,3,No
1837,38,Female,Married,Research & Development,Manufacturing Director,5,Marketing,Travel_Rarely,14,5,12531,11,Yes,14,8,0,3,0,3,6,3,3,4,3,3,3,No
1838,35,Male,Married,Research & Development,Research Director,5,Technical Degree,Travel_Frequently,7,3,8505,13,No,7,6,2,2,1,3,5,1,3,1,4,4,3,Yes
1839,33,Female,Married,Sales,Sales Executive,2,Human Resources,Non-Travel,2,2,4965,20,No,6,0,0,0,0,6,3,3,2,3,3,3,3,No
1840,29,Male,Divorced,Research & Development,Research Scientist,4,Human Resources,Travel_Rarely,12,1,2562,14,No,7,2,2,1,1,2,1,0,4,3,2,2,3,No
1841,49,Female,Married,Research & Development,Research Scientist,2,Other,Travel_Rarely,10,1,1667,11,Yes,7,3,3,3,0,2,5,2,3,1,2,4,3,No
1842,42,Female,Divorced,Research & Development,Manufacturing Director,3,Human Resources,Travel_Rarely,4,1,3876,14,No,9,2,2,0,2,0,6,1,4,4,2,4,3,Yes
1843,42,Male,Married,Sales,Sales Executive,3,Other,Travel_Rarely,1,1,4444,17,No,15,8,0,0,0,0,3,1,4,4,3,3,3,No
1844,42,Male,Single,Sales,Sales Representative,3,Life Sciences,Travel_Frequently,21,1,3964,11,No,7,4,0,4,2,1,1,1,3,2,1,2,3,Yes
1845,35,Male,Divorced,Sales,Sales Executive,1,Technical Degree,Travel_Rarely,1,5,14343,20,No,8,2,2,2,2,5,2,1,3,2,3,2,3,No
1846,38,Female,Married,Sales,Sales Executive,3,Life Sciences,Travel_Rarely,4,3,7029,18,No,4,3,0,3,3,1,4,1,3,4,4,2,3,No
1847,37,Female,Married,Research & Development,Research Scientist,1,Medical,Travel_Rarely,18,3,8290,13,No,20,14,0,0,0,4,5,2,1,3,3,3,4,No
1848,40,Male,Single,Research & Development,Research Scientist,3,Medical,Travel_Frequently,6,1,5839,12,Yes,22,15,2,4,2,3,3,1,4,3,3,2,4,Yes
1849,38,Male,Divorced,Research & Development,Research Director,3,Technical Degree,Travel_Rarely,1,3,9239,23,Yes,20,15,0,0,5,3,0,1,1,1,4,3,4,Yes
1850,32,Male,Divorced,Research & Development,Laboratory Technician,5,Human Resources,Travel_Rarely,27,3,7789,11,Yes,6,5,0,5,5,3,5,0,2,3,4,3,3,Yes
1851,40,Female,Married,Sales,Manager,3,Human Resources,Travel_Rarely,1,2,5905,13,No,21,15,1,1,0,4,3,1,2,4,3,1,3,No
1852,47,Female,Divorced,Research & Development,Manufacturing Director,2,Other,Travel_Rarely,1,3,7701,11,No,0,0,0,0,0,0,2,2,3,3,2,1,3,No
1853,42,Male,Single,Sales,Sales Representative,2,Human Resources,Travel_Rarely,2,1,4208,11,No,0,0,0,0,0,2,4,0,4,4,1,2,3,Yes
1854,47,Female,Single,Research & Development,Laboratory Technician,2,Life Sciences,Travel_Rarely,13,2,5776,17,No,4,3,3,2,3,3,2,1,3,4,3,3,3,No
1855,40,Male,Single,Research & Development,Research Director,3,Life Sciences,Travel_Frequently,15,5,11759,16,No,13,9,0,1,2,7,2,1,4,3,3,3,3,No
1856,36,Female,Married,Sales,Sales Executive,4,Life Sciences,Travel_Rarely,1,2,6626,16,No,4,0,0,0,0,1,4,1,1,3,1,3,3,Yes
1857,35,Female,Married,Sales,Sales Executive,3,Life Sciences,Travel_Rarely,2,2,8464,14,Yes,13,12,4,0,11,4,2,1,4,4,2,2,3,Yes
1858,39,Male,Single,Sales,Manager,3,Marketing,Travel_Rarely,10,3,10159,18,Yes,9,5,2,5,0,3,4,0,1,2,3,3,3,Yes
1859,43,Female,Married,Research & Development,Manufacturing Director,4,Human Resources,Travel_Rarely,6,1,3996,18,No,9,2,2,0,1,3,3,1,3,4,3,2,3,No
1860,56,Male,Divorced,Research & Development,Manufacturing Director,4,Other,Travel_Rarely,11,1,3520,11,No,0,0,0,0,0,6,3,0,2,3,3,3,3,No
1861,51,Male,Divorced,Sales,Sales Representative,3,Technical Degree,Travel_Rarely,29,2,8090,13,No,25,21,3,4,0,1,2,0,1,2,3,3,3,No
1862,33,Female,Single,Research & Development,Research Scientist,3,Marketing,Travel_Rarely,1,2,7243,11,No,2,0,0,0,0,3,4,1,1,2,3,3,3,No
1863,50,Female,Married,Sales,Sales Representative,2,Technical Degree,Travel_Frequently,2,1,3599,11,No,12,10,2,0,2,3,4,0,3,2,3,3,3,No
1864,30,Female,Single,Research & Development,Manufacturing Director,2,Human Resources,Travel_Rarely,3,1,2017,14,No,19,12,6,1,1,3,2,0,4,3,3,1,3,Yes
1865,18,Female,Single,Sales,Manager,3,Life Sciences,Travel_Rarely,5,1,5429,24,No,11,4,1,0,0,1,3,1,3,4,2,3,3,No
1866,37,Female,Single,Research & Development,Manufacturing Director,3,Life Sciences,Travel_Rarely,27,3,7032,14,No,7,0,0,0,0,2,3,1,2,3,3,2,4,No
1867,44,Female,Divorced,Research & Development,Manufacturing Director,3,Medical,Travel_Rarely,9,1,4922,19,Yes,18,14,4,6,0,1,2,0,4,3,2,3,3,No
1868,28,Male,Single,Sales,Sales Executive,1,Human Resources,Travel_Rarely,22,4,10240,11,No,7,3,0,0,1,3,2,1,4,3,2,3,3,Yes
1869,46,Male,Single,Research & Development,Manufacturing Director,4,Other,Travel_Rarely,5,1,5052,19,No,10,3,2,1,2,5,5,1,4,4,3,3,3,No
1870,41,Male,Single,Research & Development,Research Scientist,2,Technical Degree,Travel_Rarely,5,1,5184,14,No,1,1,1,1,0,0,3,1,1,4,2,3,3,No
1871,49,Female,Single,Sales,Sales Representative,2,Technical Degree,Non-Travel,1,2,7573,14,No,1,0,0,0,0,1,3,3,1,3,3,2,3,No
1872,29,Male,Single,Sales,Sales Representative,2,Marketing,Travel_Rarely,2,1,3500,11,No,4,2,2,0,2,2,4,1,4,2,3,3,4,No
1873,29,Female,Single,Research & Development,Manufacturing Director,4,Life Sciences,Travel_Rarely,12,1,6160,12,Yes,4,3,2,0,3,4,2,0,2,4,4,2,3,No
1874,37,Female,Married,Research & Development,Research Director,2,Human Resources,Travel_Rarely,9,1,4658,14,No,8,1,0,1,1,2,6,0,3,3,2,3,3,No
1875,46,Male,Married,Sales,Sales Representative,4,Life Sciences,Travel_Frequently,8,2,5823,17,Yes,0,0,0,0,0,2,6,2,2,1,3,1,3,Yes
1876,39,Female,Single,Sales,Sales Executive,2,Other,Travel_Rarely,5,3,5655,15,Yes,5,0,0,0,0,3,3,1,1,4,3,3,4,Yes
1877,45,Male,Single,Sales,Manager,4,Technical Degree,Travel_Rarely,1,3,8839,13,Yes,18,12,2,6,0,2,1,0,4,4,4,2,3,No
1878,35,Male,Divorced,Research & Development,Research Director,4,Marketing,Travel_Rarely,9,2,8691,18,Yes,15,13,1,1,0,1,5,0,2,4,2,2,3,No
1879,35,Female,Single,Research & Development,Research Director,4,Life Sciences,Non-Travel,10,1,2083,15,No,6,1,1,1,0,1,3,0,2,4,3,3,3,Yes
1880,41,Female,Married,Research & Development,Manufacturing Director,4,Technical Degree,Travel_Rarely,1,2,5621,16,No,6,2,2,0,0,3,4,0,4,4,3,4,3,No
1881,25,Male,Single,Research & Development,Research Scientist,3,Medical,Non-Travel,18,3,9219,21,No,19,14,6,0,6,4,4,0,3,4,2,4,4,No
1882,43,Male,Divorced,Sales,Sales Representative,5,Marketing,Travel_Rarely,11,1,4031,13,No,7,2,2,1,1,2,3,1,4,4,4,3,3,No
1883,30,Female,Divorced,Research & Development,Laboratory Technician,4,Technical Degree,Travel_Rarely,2,1,1744,11,Yes,4,1,0,1,0,2,3,0,3,2,3,3,3,Yes
1884,18,Female,Single,Research & Development,Research Director,2,Technical Degree,Travel_Rarely,12,3,5648,11,No,6,6,1,4,0,3,2,0,4,2,2,4,3,No
1885,31,Male,Married,Research & Development,Research Scientist,4,Marketing,Travel_Rarely,1,2,4256,12,No,9,5,1,4,0,3,5,2,3,4,3,3,3,No
1886,29,Female,Married,Research & Development,Manufacturing Director,2,Technical Degree,Travel_Frequently,13,2,7046,11,No,28,22,0,2,17,1,0,0,4,3,3,2,3,Yes
1887,40,Female,Divorced,Research & Development,Research Scientist,3,Human Resources,Travel_Rarely,6,3,9451,21,No,2,2,2,1,0,6,2,0,4,3,2,3,3,No
1888,50,Female,Single,Research & Development,Manufacturing Director,2,Technical Degree,Travel_Rarely,12,1,4250,13,No,4,0,0,0,0,4,2,0,4,4,2,3,3,No
1889,54,Female,Married,Research & Development,Manufacturing Director,3,Medical,Travel_Rarely,28,5,8900,11,No,4,3,0,1,3,3,2,1,1,1,3,2,3,No
1890,41,Male,Married,Sales,Sales Executive,5,Human Resources,Travel_Rarely,1,2,4608,18,Yes,7,6,0,2,0,3,2,1,2,4,3,4,3,No
1891,36,Male,Married,Research & Development,Laboratory Technician,3,Other,Travel_Frequently,20,1,4035,15,No,4,2,0,2,2,1,1,0,2,4,1,2,3,No
1892,38,Male,Single,Research & Development,Research Scientist,1,Technical Degree,Travel_Rarely,2,1,5834,11,No,9,7,5,2,1,3,3,2,1,4,4,2,4,Yes
1893,43,Female,Divorced,Research & Development,Manufacturing Director,4,Other,Travel_Frequently,4,4,9856,11,Yes,12,5,0,0,5,1,3,3,3,4,1,3,3,Yes
1894,50,Female,Single,Research & Development,Research Scientist,3,Life Sciences,Travel_Rarely,3,2,6729,11,No,8,2,1,0,1,4,4,1,2,3,2,2,3,No
1895,40,Male,Divorced,Human Resources,Human Resources,3,Technical Degree,Travel_Rarely,9,5,10727,13,No,7,5,2,4,0,8,3,0,4,2,2,3,3,No
1896,25,Female,Single,Research & Development,Research Scientist,3,Technical Degree,Travel_Frequently,19,1,5429,13,No,7,3,0,3,0,2,0,0,2,4,4,3,3,No
1897,45,Female,Single,Human Resources,HR Manager,3,Human Resources,Travel_Rarely,2,3,8895,13,No,6,0,0,0,0,3,6,0,2,3,1,3,3,No
1898,31,Male,Divorced,Research & Development,Research Director,2,Technical Degree,Non-Travel,7,2,6321,11,Yes,16,11,2,1,0,2,4,2,3,1,4,3,3,No
1899,43,Female,Divorced,Sales,Sales Executive,4,Technical Degree,Travel_Frequently,4,4,12412,11,Yes,12,6,0,5,0,6,2,0,3,4,3,2,3,No
1900,29,Male,Married,Research & Development,Manufacturing Director,3,Other,Travel_Rarely,3,5,11760,17,No,2,0,0,0,0,2,2,2,2,2,4,4,3,No
1901,37,Male,Married,Sales,Sales Representative,2,Other,Travel_Rarely,5,2,6023,16,No,9,2,2,0,0,7,2,0,1,1,3,3,3,No
1902,36,Male,Single,Human Resources,Human Resources,3,Marketing,Travel_Rarely,1,1,4187,13,No,8,8,0,3,4,4,4,0,4,1,2,3,3,No
1903,55,Female,Married,Research & Development,Research Scientist,4,Marketing,Non-Travel,12,1,3247,11,No,4,1,1,1,1,1,4,2,3,2,4,4,3,No
1904,29,Male,Divorced,Sales,Sales Representative,3,Medical,Travel_Rarely,6,3,8414,15,No,6,2,2,2,2,1,3,0,2,2,4,3,3,No
1905,34,Female,Single,Research & Development,Manufacturing Director,5,Human Resources,Travel_Rarely,1,2,7358,12,No,14,8,7,2,2,2,2,1,1,1,2,1,3,No
1906,46,Male,Single,Sales,Manager,4,Life Sciences,Non-Travel,10,1,4429,15,No,5,1,0,0,1,5,1,0,2,1,2,2,3,Yes
1907,36,Female,Single,Research & Development,Research Scientist,3,Other,Travel_Rarely,12,2,5358,17,No,5,1,1,0,1,4,4,0,3,4,3,4,4,No
1908,40,Female,Divorced,Research & Development,Laboratory Technician,4,Marketing,Travel_Rarely,4,1,2807,18,No,4,3,2,2,0,3,4,1,2,1,3,2,3,No
1909,47,Female,Divorced,Research & Development,Laboratory Technician,4,Technical Degree,Travel_Frequently,1,5,11262,12,No,3,0,0,0,0,1,2,0,3,1,4,2,3,No
1910,36,Female,Married,Research & Development,Research Director,4,Technical Degree,Travel_Rarely,16,4,9103,16,No,10,5,2,1,3,2,4,1,3,3,3,1,4,No
1911,44,Male,Married,Sales,Sales Representative,4,Technical Degree,Travel_Rarely,2,1,2174,11,No,11,6,2,1,6,4,5,0,2,4,3,1,3,No
1912,46,Male,Married,Research & Development,Laboratory Technician,4,Other,Travel_Rarely,1,4,8559,17,No,3,1,0,0,0,1,2,0,3,4,3,3,3,No
1913,36,Male,Married,Research & Development,Research Director,2,Life Sciences,Non-Travel,19,2,5735,18,No,6,0,0,0,0,3,4,2,3,1,3,3,3,Yes
1914,41,Female,Single,Research & Development,Research Director,3,Technical Degree,Travel_Frequently,11,3,8214,14,No,23,19,0,2,2,0,3,0,2,4,3,2,3,No
1915,57,Male,Divorced,Research & Development,Manufacturing Director,3,Marketing,Travel_Rarely,5,2,6127,11,Yes,10,3,3,0,0,2,3,0,4,3,4,3,3,No
1916,40,Female,Single,Sales,Sales Executive,3,Other,Travel_Rarely,1,3,7605,12,Yes,2,0,0,0,0,2,2,0,3,3,4,3,3,Yes
1917,43,Male,Married,Research & Development,Research Director,2,Human Resources,Travel_Rarely,7,2,7296,11,No,7,0,0,0,0,1,2,0,1,4,3,2,3,Yes
1918,24,Female,Married,Research & Development,Research Director,2,Human Resources,Travel_Rarely,7,1,4152,11,No,16,15,1,2,2,3,3,0,3,4,3,2,3,No
1919,37,Male,Married,Human Resources,HR Manager,3,Marketing,Travel_Rarely,2,3,6949,13,No,2,0,0,0,0,4,0,0,1,1,3,4,4,No
1920,27,Female,Divorced,Research & Development,Laboratory Technician,4,Human Resources,Travel_Rarely,6,1,3685,20,Yes,10,3,3,3,1,2,0,1,1,3,3,3,3,No
1921,24,Female,Single,Research & Development,Research Director,1,Technical Degree,Non-Travel,18,1,2586,13,No,0,0,0,0,0,4,3,1,3,4,2,2,3,Yes
1922,43,Female,Divorced,Research & Development,Research Director,2,Technical Degree,Travel_Rarely,3,1,3135,16,Yes,11,7,1,1,5,2,1,1,3,4,1,3,3,Yes
1923,30,Female,Divorced,Research & Development,Manufacturing Director,2,Medical,Travel_Rarely,1,3,5929,25,No,3,1,0,1,0,2,6,2,4,3,1,3,3,No
1924,36,Male,Single,Research & Development,Research Director,4,Marketing,Travel_Rarely,16,1,5985,19,No,8,2,1,0,2,4,0,1,3,4,3,3,3,No
1925,25,Female,Married,Sales,Sales Representative,3,Medical,Travel_Rarely,29,1,6055,14,No,13,7,1,1,1,2,2,0,1,1,2,1,3,No
1926,31,Male,Married,Research & Development,Manufacturing Director,4,Technical Degree,Travel_Rarely,9,2,8151,11,No,5,4,1,2,3,5,2,1,4,1,2,3,3,No
1927,53,Male,Married,Research & Development,Laboratory Technician,2,Life Sciences,Travel_Rarely,10,1,3186,19,Yes,1,0,0,0,0,3,2,0,3,2,3,3,3,No
1928,19,Male,Divorced,Research & Development,Research Director,4,Life Sciences,Travel_Rarely,14,2,6327,24,No,6,0,0,0,0,3,1,1,1,3,2,2,3,No
1929,51,Male,Divorced,Sales,Sales Executive,3,Medical,Travel_Rarely,1,1,5192,15,No,18,18,1,5,0,2,1,1,3,2,3,1,3,No
1930,36,Female,Single,Sales,Manager,4,Human Resources,Travel_Rarely,4,3,6330,13,No,9,3,3,3,1,1,0,2,4,4,2,2,4,Yes
1931,27,Female,Single,Research & Development,Research Scientist,4,Medical,Travel_Rarely,8,2,7689,13,No,11,5,4,1,1,3,3,0,2,1,3,2,3,Yes
1932,39,Male,Married,Sales,Manager,1,Technical Degree,Travel_Rarely,8,2,6107,15,No,2,1,1,1,1,3,3,1,4,3,4,2,3,No
1933,38,Male,Married,Sales,Manager,3,Marketing,Travel_Rarely,12,2,5823,15,Yes,5,0,0,0,0,2,4,1,4,4,4,2,3,Yes
1934,18,Male,Single,Research & Development,Research Director,2,Life Sciences,Travel_Rarely,2,3,7701,20,Yes,13,7,0,0,0,2,4,0,2,4,4,3,3,No
1935,27,Male,Married,Research & Development,Research Director,3,Marketing,Travel_Rarely,11,3,6975,15,No,7,4,3,1,4,4,6,0,2,3,3,3,3,No
1936,43,Male,Married,Sales,Manager,4,Human Resources,Travel_Rarely,2,2,5000,11,No,11,9,0,2,7,4,4,0,1,2,2,4,3,No
1937,46,Male,Single,Research & Development,Manufacturing Director,3,Marketing,Travel_Rarely,1,1,4356,11,Yes,8,2,0,0,0,0,2,0,4,4,3,4,4,No
1938,32,Male,Divorced,Research & Development,Research Scientist,3,Human Resources,Travel_Rarely,4,2,5834,11,No,8,3,3,0,3,4,5,0,4,4,3,3,3,Yes
1939,30,Male,Married,Research & Development,Research Director,2,Technical Degree,Non-Travel,2,1,4533,18,Yes,10,8,4,2,3,1,2,2,4,3,3,3,4,Yes
1940,38,Male,Single,Research & Development,Research Director,4,Other,Travel_Frequently,18,2,3983,14,No,6,2,0,0,2,1,4,0,4,2,2,2,3,No
1941,35,Female,Married,Sales,Sales Representative,3,Marketing,Travel_Rarely,1,2,8974,13,Yes,6,3,0,3,2,2,3,3,1,3,3,3,3,No
1942,27,Female,Married,Research & Development,Research Director,2,Human Resources,Travel_Rarely,1,1,3287,15,No,10,3,1,1,3,3,5,1,1,3,2,4,3,Yes
1943,31,Male,Married,Research & Development,Research Scientist,2,Marketing,Travel_Rarely,2,3,7062,11,Yes,14,10,2,0,0,3,3,0,1,3,3,2,3,Yes
1944,47,Female,Divorced,Sales,Manager,3,Life Sciences,Travel_Rarely,7,5,12062,11,Yes,19,13,1,0,3,2,3,1,1,4,2,4,3,Yes
1945,33,Female,Single,Sales,Sales Representative,3,Life Sciences,Travel_Rarely,4,1,5670,15,Yes,12,6,2,6,2,5,2,3,1,4,3,4,3,No
1946,47,Female,Single,Sales,Sales Representative,4,Medical,Travel_Rarely,1,1,2533,14,Yes,10,8,8,2,1,2,3,1,4,4,3,2,4,Yes
1947,39,Female,Married,Research & Development,Research Scientist,3,Marketing,Travel_Frequently,1,5,11901,13,Yes,4,2,2,0,1,3,4,0,3,2,4,3,3,No
1948,38,Female,Single,Research & Development,Research Scientist,3,Medical,Travel_Rarely,2,2,8074,16,No,11,6,3,4,6,4,1,1,3,4,3,3,3,No
1949,46,Male,Single,Research & Development,Manufacturing Director,3,Human Resources,Travel_Rarely,5,1,4453,18,No,15,12,0,0,1,7,3,0,1,3,2,2,3,No
1950,38,Female,Married,Research & Development,Research Director,3,Human Resources,Travel_Frequently,5,3,8184,11,No,4,0,0,0,0,2,2,1,3,1,3,3,3,No
1951,40,Female,Single,Sales,Sales Representative,3,Medical,Non-Travel,5,3,8510,12,Yes,6,5,2,1,4,3,4,0,4,4,4,4,3,No
1952,39,Male,Single,Research & Development,Manufacturing Director,3,Medical,Travel_Rarely,9,3,5998,15,No,15,9,9,1,3,2,3,0,2,1,3,1,3,No
1953,18,Male,Divorced,Sales,Sales Representative,5,Other,Travel_Frequently,1,2,6891,12,No,3,1,0,1,1,3,2,0,2,1,3,3,3,No
1954,43,Female,Divorced,Research & Development,Research Director,3,Technical Degree,Travel_Rarely,4,3,6684,14,No,1,1,1,1,1,2,4,2,3,4,3,2,3,No
1955,43,Female,Married,Research & Development,Research Scientist,3,Medical,Travel_Rarely,11,1,3362,18,No,12,5,3,1,3,0,3,0,4,3,2,3,3,Yes
1956,35,Male,Married,Human Resources,Human Resources,4,Technical Degree,Travel_Rarely,12,5,13361,20,No,17,13,1,1,2,2,4,3,4,3,4,3,3,No
1957,53,Female,Divorced,Research & Development,Laboratory Technician,3,Technical Degree,Travel_Rarely,14,1,4939,13,No,6,6,1,1,0,2,4,1,4,2,3,3,3,No
1958,39,Female,Married,Research & Development,Research Director,1,Medical,Travel_Frequently,2,1,4305,11,No,15,9,1,9,3,5,1,0,1,4,3,2,3,No
1959,33,Male,Single,Research & Development,Research Director,2,Technical Degree,Travel_Rarely,1,3,7230,11,No,5,5,5,0,0,4,2,0,3,3,2,3,3,No
1960,28,Male,Married,Research & Development,Manufacturing Director,2,Other,Travel_Rarely,21,3,7942,12,Yes,6,0,0,0,0,6,6,1,2,4,4,3,3,Yes
1961,44,Male,Married,Research & Development,Research Director,1,Medical,Travel_Rarely,3,1,3252,15,No,7,2,1,0,2,1,5,0,3,2,3,3,3,No
1962,44,Female,Single,Research & Development,Laboratory Technician,2,Technical Degree,Travel_Rarely,1,4,11977,14,No,4,1,0,1,1,0,2,0,2,2,3,3,3,No
1963,46,Male,Single,Research & Development,Research Scientist,3,Other,Travel_Rarely,9,1,4300,16,No,4,2,0,0,0,4,4,1,4,3,3,3,3,No
1964,31,Female,Single,Research & Development,Manufacturing Director,1,Human Resources,Travel_Frequently,5,4,10668,20,No,13,9,5,3,2,3,5,2,2,1,2,2,3,No
1965,40,Male,Single,Research & Development,Laboratory Technician,3,Other,Travel_Frequently,1,1,5674,19,No,15,12,1,1,1,1,3,0,2,4,2,4,3,No
1966,42,Male,Divorced,Sales,Sales Representative,3,Medical,Travel_Rarely,4,1,4549,11,Yes,1,1,1,1,0,4,6,1,4,1,2,3,3,Yes
1967,53,Female,Divorced,Research & Development,Manufacturing Director,2,Marketing,Travel_Rarely,2,5,11174,15,No,5,2,1,0,2,3,4,0,2,1,3,4,3,No
1968,28,Male,Married,Research & Development,Manufacturing Director,3,Life Sciences,Travel_Rarely,21,1,5612,16,No,8,3,0,3,3,0,4,1,1,2,3,3,3,No
1969,36,Female,Single,Research & Development,Research Scientist,2,Technical Degree,Travel_Rarely,11,5,11249,12,No,9,4,0,2,4,3,3,1,4,4,4,3,3,No
1970,60,Male,Married,Research & Development,Research Scientist,3,Life Sciences,Travel_Frequently,3,2,6609,11,Yes,2,1,0,0,0,4,5,2,3,4,4,3,3,Yes
1971,42,Male,Married,Sales,Sales Executive,3,Other,Travel_Rarely,8,1,4729,19,Yes,19,12,6,4,6,4,2,0,4,3,4,3,3,Yes
1972,44,Male,Divorced,Sales,Manager,3,Medical,Travel_Rarely,10,1,3644,18,No,5,0,0,0,0,2,2,0,1,4,3,1,3,No
1973,37,Male,Single,Research & Development,Manufacturing Director,4,Marketing,Travel_Rarely,5,1,2949,11,No,6,3,3,0,3,3,4,0,1,4,2,3,3,Yes
1974,42,Female,Single,Sales,Sales Representative,3,Marketing,Travel_Rarely,3,2,5896,14,No,10,3,1,0,0,4,5,2,2,4,3,3,3,No
1975,24,Female,Married,Research & Development,Research Scientist,2,Human Resources,Travel_Rarely,5,3,9916,14,No,7,2,1,2,2,0,3,0,4,3,3,2,3,No
1976,58,Male,Single,Sales,Sales Executive,2,Human Resources,Travel_Rarely,10,4,11617,15,No,6,0,0,0,0,2,2,0,1,4,4,2,3,No
1977,32,Female,Married,Research & Development,Research Scientist,3,Medical,Non-Travel,18,3,8116,16,No,3,0,0,0,0,1,2,0,4,1,3,2,3,No
1978,39,Male,Divorced,Research & Development,Research Director,4,Human Resources,Travel_Rarely,2,3,7652,16,No,3,0,0,0,0,4,3,0,4,2,1,3,3,Yes
1979,18,Male,Single,Research & Development,Research Director,1,Other,Travel_Rarely,29,2,8788,16,Yes,9,7,1,7,6,2,2,1,3,4,2,4,3,Yes
1980,40,Male,Married,Research & Development,Manufacturing Director,1,Human Resources,Travel_Rarely,17,1,6063,16,No,11,7,1,3,2,1,2,0,2,3,3,2,3,No
1981,30,Female,Divorced,Research & Development,Laboratory Technician,3,Life Sciences,Travel_Frequently,2,2,6496,20,No,9,6,2,0,6,4,1,0,4,3,3,3,3,No
1982,31,Female,Married,Sales,Sales Representative,2,Human Resources,Travel_Frequently,7,2,7930,23,Yes,19,18,1,3,1,2,2,1,3,4,3,3,3,Yes
1983,44,Male,Married,Research & Development,Research Scientist,5,Life Sciences,Travel_Rarely,1,2,5787,15,Yes,7,4,4,1,1,2,3,1,4,2,2,2,3,Yes
1984,41,Male,Single,Research & Development,Manufacturing Director,3,Marketing,Travel_Rarely,22,2,4674,11,No,2,0,0,0,0,1,2,2,3,2,3,2,3,Yes
1985,31,Male,Married,Research & Development,Research Scientist,1,Technical Degree,Non-Travel,22,1,4040,13,Yes,6,5,3,3,1,1,2,1,4,4,2,4,3,Yes
1986,21,Female,Married,Research & Development,Research Scientist,1,Life Sciences,Travel_Rarely,1,2,5904,18,No,2,1,1,1,0,6,4,1,1,3,3,3,3,No
1987,44,Male,Married,Sales,Sales Executive,1,Life Sciences,Travel_Rarely,5,1,2731,19,No,2,2,2,0,0,2,2,1,4,4,2,3,3,No
1988,44,Male,Married,Sales,Sales Executive,2,Technical Degree,Travel_Frequently,3,1,3054,16,No,3,2,2,0,0,3,3,0,4,2,3,2,3,Yes
1989,41,Female,Married,Research & Development,Manufacturing Director,2,Life Sciences,Travel_Rarely,2,4,7357,13,No,3,1,1,0,1,3,0,0,4,4,4,4,3,Yes
1990,34,Female,Married,Sales,Sales Representative,2,Other,Travel_Rarely,1,5,10821,25,No,12,9,2,2,1,0,4,1,4,2,3,3,3,No
1991,53,Female,Married,Research & Development,Manufacturing Director,4,Human Resources,Travel_Rarely,7,1,2204,11,Yes,7,0,0,0,0,4,2,1,4,3,3,2,3,Yes
1992,39,Male,Single,Research & Development,Research Scientist,2,Medical,Travel_Rarely,1,2,4990,11,No,16,9,9,4,0,4,1,2,4,4,3,3,3,No
1993,42,Female,Married,Sales,Sales Representative,3,Marketing,Travel_Rarely,3,1,4161,15,No,0,0,0,0,0,1,2,0,3,4,3,2,3,Yes
1994,30,Female,Single,Research & Development,Research Director,2,Other,Travel_Rarely,13,2,5189,11,Yes,10,4,4,2,1,0,1,0,2,4,2,3,3,No
1995,18,Female,Married,Research & Development,Research Director,3,Technical Degree,Travel_Rarely,1,2,7245,13,No,7,7,1,1,7,1,5,1,3,3,2,3,3,No
1996,33,Male,Married,Research & Development,Manufacturing Director,4,Other,Travel_Rarely,13,2,6812,11,No,6,6,1,4,2,4,3,0,4,4,1,1,3,No
1997,45,Female,Married,Research & Development,Research Director,3,Marketing,Travel_Rarely,3,5,9886,21,No,5,4,4,0,4,1,4,0,4,1,3,3,3,No
1998,60,Female,Divorced,Research & Development,Research Scientist,4,Technical Degree,Travel_Frequently,1,4,8947,12,Yes,3,1,1,1,1,5,4,1,2,4,3,2,4,No
1999,40,Female,Married,Research & Development,Research Scientist,2,Human Resources,Travel_Rarely,29,2,5693,11,Yes,7,3,1,2,0,4,4,0,2,3,2,3,3,No
2000,29,Female,Married,Research & Development,Manufacturing Director,4,Medical,Travel_Rarely,1,1,3791,21,Yes,7,7,1,0,0,1,4,1,4,4,3,3,3,No
2001,27,Male,Single,Research & Development,Research Director,3,Life Sciences,Travel_Rarely,4,2,3782,17,No,4,2,0,2,2,4,2,0,2,4,3,3,3,No
2002,18,Male,Divorced,Sales,Sales Representative,1,Life Sciences,Travel_Rarely,19,4,7754,16,No,12,10,0,6,3,6,4,0,2,1,3,3,4,No
2003,33,Male,Divorced,Research & Development,Research Scientist,2,Medical,Travel_Rarely,1,1,5245,11,No,9,2,2,2,0,3,4,0,3,3,2,4,3,No
2004,42,Male,Single,Research & Development,Laboratory Technician,3,Marketing,Travel_Rarely,6,3,6477,11,No,0,0,0,0,0,1,0,1,4,2,3,3,4,No
2005,38,Female,Single,Research & Development,Manufacturing Director,3,Other,Travel_Rarely,13,4,9094,13,Yes,5,0,0,0,0,1,2,0,3,2,3,2,3,No
2006,45,Male,Single,Research & Development,Research Director,4,Other,Non-Travel,1,1,4540,16,Yes,3,1,0,1,0,3,2,0,2,3,3,3,3,No
2007,28,Male,Married,Human Resources,HR Manager,3,Medical,Travel_Frequently,4,3,8633,23,No,2,1,1,1,0,1,0,2,3,3,4,3,3,Yes
2008,29,Female,Married,Research & Development,Laboratory Technician,2,Other,Travel_Rarely,6,2,4916,24,No,5,1,1,1,1,3,3,1,1,2,3,3,3,No
2009,43,Female,Single,Research & Development,Manufacturing Director,2,Life Sciences,Travel_Frequently,2,3,4784,16,Yes,0,0,0,0,0,5,2,2,3,2,4,3,3,Yes
2010,19,Male,Single,Sales,Manager,2,Other,Travel_Rarely,2,1,5160,18,No,11,6,0,1,0,2,3,1,3,1,3,2,4,No
2011,32,Female,Single,Research & Development,Manufacturing Director,3,Marketing,Travel_Rarely,14,2,4603,11,No,13,6,6,3,0,1,2,1,2,4,3,2,3,Yes
2012,23,Male,Married,Research & Development,Research Director,1,Medical,Travel_Rarely,12,4,9470,19,Yes,10,5,1,1,0,1,4,0,2,1,4,2,3,No
2013,40,Female,Single,Research & Development,Manufacturing Director,4,Human Resources,Travel_Rarely,3,1,3521,11,No,17,10,0,2,1,2,2,0,3,2,4,4,3,No
2014,35,Female,Single,Research & Development,Research Scientist,3,Other,Travel_Rarely,1,2,5025,15,Yes,7,2,1,1,2,1,0,0,2,3,3,3,3,Yes
2015,23,Male,Single,Research & Development,Research Director,3,Technical Degree,Travel_Rarely,19,3,8570,18,No,2,0,0,0,0,2,4,2,4,4,3,2,3,No
2016,24,Male,Married,Research & Development,Laboratory Technician,3,Marketing,Travel_Rarely,7,1,1940,13,No,6,1,1,0,0,2,4,0,1,3,3,2,3,No
2017,35,Female,Married,Research & Development,Research Scientist,2,Life Sciences,Travel_Frequently,8,1,1178,17,No,8,1,1,1,1,6,2,0,4,4,3,1,3,No
2018,18,Male,Married,Sales,Sales Representative,2,Other,Travel_Frequently,3,5,12393,13,No,7,6,1,0,5,3,4,1,4,2,3,1,3,No
2019,30,Female,Married,Research & Development,Research Director,4,Marketing,Travel_Rarely,3,1,3928,19,No,1,0,0,0,0,4,5,1,1,3,2,2,3,No
2020,45,Female,Single,Research & Development,Laboratory Technician,1,Life Sciences,Travel_Frequently,11,5,11302,16,No,9,3,3,1,1,1,2,1,2,4,2,3,3,No
2021,46,Male,Single,Sales,Manager,3,Human Resources,Travel_Rarely,16,3,6811,11,No,9,2,0,0,1,1,0,2,1,4,1,3,3,No
2022,42,Female,Married,Research & Development,Research Director,1,Life Sciences,Travel_Rarely,4,2,4487,18,No,8,1,0,1,1,2,2,1,3,2,2,3,3,No
2023,40,Female,Married,Research & Development,Research Director,3,Other,Travel_Rarely,2,2,6313,14,Yes,9,3,3,3,3,1,2,1,4,2,3,2,3,No
2024,21,Male,Married,Research & Development,Research Scientist,3,Marketing,Travel_Rarely,1,3,7512,17,No,3,0,0,0,0,3,3,3,3,2,4,3,3,No
2025,31,Female,Married,Research & Development,Manufacturing Director,4,Human Resources,Travel_Rarely,2,4,11299,21,No,8,3,1,1,1,0,2,0,4,3,4,3,3,No
2026,37,Male,Single,Sales,Sales Executive,3,Human Resources,Travel_Frequently,2,1,6313,11,Yes,17,15,6,0,0,5,5,3,4,3,3,4,3,No
2027,28,Female,Married,Research & Development,Research Scientist,4,Medical,Travel_Frequently,3,2,5813,14,No,26,23,1,2,1,4,4,1,3,3,2,2,3,No
2028,51,Male,Married,Research & Development,Laboratory Technician,2,Human Resources,Non-Travel,16,2,7562,13,Yes,11,4,4,2,0,2,3,0,4,4,3,3,3,No
2029,50,Female,Single,Research & Development,Manufacturing Director,5,Human Resources,Travel_Rarely,12,1,3468,16,No,7,4,0,4,4,2,4,1,1,4,3,3,3,Yes
2030,31,Male,Single,Research & Development,Research Scientist,3,Medical,Non-Travel,3,2,5355,12,No,2,2,2,2,1,5,3,1,3,3,2,3,4,No
2031,35,Female,Divorced,Research & Development,Laboratory Technician,5,Medical,Travel_Rarely,7,3,8125,16,Yes,15,11,1,0,6,1,3,1,4,3,4,3,3,No
2032,27,Female,Single,Research & Development,Research Director,3,Technical Degree,Travel_Rarely,3,2,6808,11,No,8,5,3,0,1,0,2,0,4,1,2,4,4,No
2033,49,Female,Married,Research & Development,Research Director,2,Human Resources,Travel_Rarely,2,4,11008,20,No,18,14,1,1,1,3,3,1,4,3,2,3,3,No
2034,37,Female,Married,Research & Development,Laboratory Technician,1,Medical,Travel_Rarely,14,4,10459,11,No,0,0,0,0,0,2,4,0,4,4,4,2,3,No
2035,33,Male,Married,Sales,Sales Executive,2,Technical Degree,Travel_Frequently,1,1,4274,11,Yes,15,8,1,0,1,2,5,0,1,2,3,2,3,No
2036,29,Female,Married,Research & Development,Manufacturing Director,2,Marketing,Travel_Rarely,18,1,3063,11,No,8,2,2,0,2,3,1,0,1,2,2,1,3,No
2037,44,Male,Married,Sales,Sales Representative,4,Technical Degree,Travel_Rarely,2,3,8744,13,No,2,2,1,2,0,4,2,1,1,4,4,3,4,No
2038,30,Male,Married,Sales,Sales Representative,3,Other,Travel_Frequently,8,2,4335,23,No,5,1,1,0,0,2,2,0,4,4,4,3,3,No
2039,40,Male,Single,Research & Development,Research Scientist,3,Medical,Non-Travel,24,2,5798,14,No,12,5,0,2,5,0,2,0,1,4,3,2,3,No
2040,32,Male,Single,Research & Development,Laboratory Technician,4,Marketing,Travel_Rarely,9,2,8262,15,No,16,12,0,1,7,3,4,1,3,2,3,2,4,No
2041,25,Male,Married,Research & Development,Manufacturing Director,4,Marketing,Travel_Rarely,1,2,6671,19,No,4,4,0,0,2,3,4,1,3,4,3,2,3,No
2042,19,Male,Married,Sales,Manager,3,Life Sciences,Non-Travel,18,2,6350,16,Yes,12,6,1,2,0,2,3,0,1,3,3,3,3,No
2043,29,Female,Married,Sales,Sales Representative,2,Medical,Travel_Rarely,8,1,4344,20,No,11,7,2,0,0,1,5,0,3,3,4,3,3,No
2044,44,Female,Married,Sales,Manager,3,Marketing,Travel_Rarely,1,2,5487,11,No,8,7,7,0,3,4,1,1,4,4,3,3,3,No
2045,26,Female,Single,Research & Development,Manufacturing Director,3,Human Resources,Travel_Rarely,5,2,6162,13,Yes,6,3,3,0,3,1,2,0,1,2,3,1,3,Yes
2046,33,Female,Married,Research & Development,Research Director,3,Technical Degree,Travel_Frequently,8,1,4892,16,No,19,15,8,0,1,4,2,1,4,4,3,3,4,No
2047,33,Female,Married,Research & Development,Laboratory Technician,3,Other,Travel_Frequently,2,1,4975,11,No,16,15,0,1,0,2,2,1,4,4,4,3,3,No
2048,36,Female,Married,Sales,Manager,3,Life Sciences,Travel_Rarely,11,2,6237,18,No,4,3,3,3,0,3,2,1,3,4,4,3,4,No
2049,34,Female,Married,Research & Development,Laboratory Technician,2,Other,Travel_Rarely,13,2,4342,16,No,3,2,2,0,0,2,4,1,1,3,3,3,3,Yes
2050,52,Male,Divorced,Research & Development,Research Director,5,Life Sciences,Travel_Rarely,29,2,5285,14,No,14,9,0,1,0,2,2,1,3,4,3,3,3,No
2051,28,Female,Single,Sales,Manager,1,Marketing,Travel_Rarely,7,1,3006,18,Yes,6,3,1,3,3,3,3,2,3,2,3,3,3,Yes
2052,32,Male,Married,Research & Development,Manufacturing Director,4,Other,Travel_Rarely,1,1,4780,11,No,3,2,2,2,2,5,2,0,1,3,1,3,3,No
2053,53,Female,Married,Sales,Sales Executive,1,Life Sciences,Travel_Rarely,9,1,2957,17,Yes,7,4,1,4,1,2,3,0,4,2,3,3,3,Yes
2054,27,Male,Single,Research & Development,Laboratory Technician,1,Life Sciences,Travel_Rarely,6,3,8856,16,No,16,11,2,0,6,1,4,0,4,3,3,3,3,No
2055,45,Female,Married,Research & Development,Laboratory Technician,3,Other,Travel_Frequently,14,2,7581,19,No,5,4,3,3,0,0,1,1,4,3,1,3,3,No
2056,23,Male,Married,Research & Development,Research Director,4,Human Resources,Travel_Frequently,10,3,7612,15,No,7,1,0,1,1,5,6,1,3,2,3,3,4,No
2057,30,Female,Divorced,Research & Development,Research Director,4,Marketing,Non-Travel,2,5,10985,17,No,2,2,1,2,2,1,3,1,4,3,4,3,3,No
2058,45,Female,Married,Research & Development,Research Scientist,5,Other,Travel_Rarely,5,2,6682,14,No,10,5,4,3,4,3,6,1,1,3,3,3,3,No
2059,45,Female,Divorced,Research & Development,Laboratory Technician,3,Technical Degree,Travel_Rarely,1,2,4087,19,No,5,3,1,3,3,0,2,1,3,3,2,2,4,No
2060,31,Female,Single,Research & Development,Research Scientist,3,Medical,Travel_Rarely,6,3,8051,18,No,19,12,3,2,4,3,2,1,2,2,4,2,4,Yes
2061,24,Female,Married,Research & Development,Manufacturing Director,1,Technical Degree,Travel_Frequently,7,1,4113,20,No,14,7,3,4,0,6,3,1,3,4,2,2,3,No
2062,30,Female,Divorced,Human Resources,HR Manager,4,Marketing,Travel_Rarely,2,1,5526,14,No,8,3,3,0,2,2,3,0,3,4,3,3,3,No
2063,37,Male,Married,Research & Development,Laboratory Technician,2,Medical,Travel_Rarely,16,1,2699,13,Yes,9,6,3,4,0,3,2,0,2,4,3,3,3,Yes
2064,36,Female,Married,Sales,Sales Representative,2,Medical,Travel_Rarely,1,1,5417,15,Yes,6,1,1,1,1,2,3,0,3,1,3,1,4,No
2065,36,Male,Married,Research & Development,Laboratory Technician,5,Medical,Travel_Rarely,8,2,6756,19,No,8,6,1,1,5,4,0,1,4,4,4,2,3,No
2066,38,Female,Single,Research & Development,Research Director,2,Medical,Non-Travel,3,1,7529,18,No,10,7,2,5,0,4,2,2,1,2,3,2,3,No
2067,23,Female,Married,Sales,Sales Executive,1,Life Sciences,Travel_Frequently,1,1,3955,21,No,0,0,0,0,0,2,5,0,3,3,2,1,3,No
2068,25,Female,Married,Research & Development,Laboratory Technician,3,Other,Travel_Rarely,26,4,8933,12,No,8,8,1,1,0,2,6,2,1,1,3,2,3,No
2069,36,Male,Single,Research & Development,Manufacturing Director,3,Marketing,Travel_Rarely,3,3,8136,16,No,2,0,0,0,0,2,4,1,4,4,2,2,4,No
2070,30,Female,Divorced,Research & Development,Laboratory Technician,3,Other,Non-Travel,2,4,10459,12,No,2,0,0,0,0,3,1,0,2,3,3,2,3,Yes
2071,22,Female,Married,Research & Development,Research Director,3,Medical,Travel_Rarely,6,2,5703,11,No,6,1,0,0,1,2,4,0,1,4,4,1,3,Yes
2072,39,Male,Divorced,Research & Development,Manufacturing Director,1,Technical Degree,Travel_Frequently,6,1,5406,11,No,15,10,2,1,0,0,3,0,1,4,3,3,3,No
2073,40,Female,Divorced,Sales,Sales Representative,3,Medical,Travel_Rarely,1,3,6475,14,Yes,5,2,1,2,0,3,3,3,2,2,2,3,3,Yes
2074,48,Female,Single,Research & Development,Manufacturing Director,2,Other,Travel_Frequently,8,1,2742,16,No,12,7,4,0,1,5,5,0,2,4,3,3,3,No
2075,33,Female,Married,Sales,Sales Representative,5,Other,Travel_Frequently,1,1,3329,11,No,3,0,0,0,0,7,5,1,4,4,2,2,3,Yes
2076,21,Female,Divorced,Research & Development,Research Scientist,3,Human Resources,Travel_Rarely,3,1,5422,11,Yes,6,3,1,3,3,3,3,2,3,2,4,1,3,Yes
2077,29,Female,Married,Research & Development,Research Director,3,Medical,Travel_Rarely,12,1,4621,11,No,5,5,0,5,0,1,2,1,4,2,2,3,3,No
2078,37,Male,Married,Research & Development,Research Director,2,Marketing,Travel_Rarely,11,2,3631,20,No,3,1,1,0,1,4,6,1,1,3,3,2,3,No
2079,31,Male,Divorced,Research & Development,Manufacturing Director,1,Life Sciences,Travel_Rarely,14,1,6014,11,No,19,19,1,3,2,3,3,0,3,2,3,2,3,No
2080,30,Male,Divorced,Sales,Sales Executive,5,Medical,Non-Travel,11,3,6673,22,No,8,2,2,2,2,3,3,0,1,4,1,3,3,No
2081,39,Male,Married,Research & Development,Research Scientist,2,Technical Degree,Travel_Rarely,5,5,10094,17,No,2,0,0,0,0,4,4,1,4,3,2,2,3,No
2082,39,Female,Divorced,Research & Development,Laboratory Technician,3,Medical,Travel_Rarely,11,5,10514,17,No,16,9,9,6,2,1,2,0,1,3,2,3,3,Yes
2083,32,Female,Married,Research & Development,Laboratory Technician,3,Human Resources,Travel_Rarely,1,2,3730,11,No,2,0,0,0,0,4,1,0,4,3,3,2,3,No
2084,37,Male,Married,Research & Development,Laboratory Technician,1,Medical,Travel_Rarely,7,4,12105,16,No,5,4,0,0,0,2,3,2,3,4,2,1,3,No
2085,37,Male,Married,Sales,Manager,2,Technical Degree,Non-Travel,14,3,6389,21,No,8,1,1,1,0,1,4,0,1,1,3,3,3,No
2086,38,Male,Single,Sales,Manager,3,Human Resources,Travel_Rarely,3,3,9240,12,No,16,10,2,0,0,2,1,0,3,4,2,3,3,No
2087,39,Female,Single,Research & Development,Laboratory Technician,3,Medical,Travel_Frequently,1,4,11246,15,Yes,13,8,2,0,3,4,6,0,3,4,2,2,3,Yes
2088,42,Female,Single,Research & Development,Laboratory Technician,4,Life Sciences,Non-Travel,2,1,2925,13,No,8,3,1,1,0,0,3,1,3,3,3,3,3,No
2089,41,Female,Divorced,Research & Development,Research Director,4,Life Sciences,Travel_Rarely,2,2,6898,14,Yes,11,8,4,8,0,4,0,1,3,4,3,3,3,No
2090,40,Male,Divorced,Sales,Manager,3,Marketing,Travel_Frequently,4,1,4962,11,No,5,0,0,0,0,3,2,0,3,1,2,1,3,Yes
2091,39,Male,Single,Research & Development,Research Scientist,3,Life Sciences,Travel_Rarely,1,4,8921,14,No,13,11,1,1,0,3,4,0,4,4,1,4,3,No
2092,32,Female,Married,Sales,Manager,3,Other,Travel_Frequently,5,1,3737,16,Yes,1,1,1,1,1,2,3,0,1,4,3,3,3,No
2093,36,Female,Married,Research & Development,Research Scientist,2,Human Resources,Non-Travel,2,2,7428,15,No,7,2,0,2,2,3,2,0,4,1,3,3,3,No
2094,47,Male,Divorced,Research & Development,Laboratory Technician,4,Other,Travel_Rarely,6,2,6399,24,No,1,0,0,0,0,0,0,3,4,4,3,2,3,No
2095,34,Female,Single,Research & Development,Manufacturing Director,1,Technical Degree,Travel_Rarely,8,1,4374,11,Yes,8,3,3,0,0,2,3,0,4,3,4,3,3,No
2096,40,Male,Married,Research & Development,Research Scientist,3,Other,Travel_Rarely,21,2,6135,18,No,2,1,1,1,1,1,4,1,4,4,3,4,4,Yes
2097,41,Female,Married,Research & Development,Laboratory Technician,1,Marketing,Travel_Rarely,10,2,6597,23,Yes,3,0,0,0,0,1,5,0,1,3,2,3,3,Yes
2098,42,Male,Divorced,Research & Development,Research Director,2,Technical Degree,Travel_Frequently,5,4,8016,11,No,4,2,0,2,1,2,3,1,1,2,3,3,3,Yes
2099,27,Female,Married,Sales,Sales Representative,4,Marketing,Travel_Rarely,16,1,4652,11,Yes,7,3,3,0,0,4,6,1,1,2,3,3,3,Yes
2100,39,Male,Divorced,Research & Development,Laboratory Technician,4,Medical,Travel_Frequently,3,4,9488,14,No,12,5,2,0,1,1,2,1,4,1,3,3,3,No
2101,40,Male,Divorced,Sales,Manager,3,Other,Travel_Frequently,1,5,11753,11,Yes,8,2,2,0,2,2,4,2,3,3,3,4,3,No
2102,36,Male,Divorced,Sales,Manager,3,Marketing,Travel_Rarely,4,3,6080,11,No,11,8,1,2,4,1,1,1,4,4,2,4,3,No
2103,34,Male,Single,Research & Development,Manufacturing Director,5,Life Sciences,Non-Travel,29,1,5964,16,No,12,11,3,4,1,1,2,2,4,3,1,4,3,Yes
2104,53,Male,Married,Research & Development,Laboratory Technician,3,Medical,Travel_Rarely,5,2,8338,14,No,4,3,3,0,3,1,4,1,4,3,4,1,4,No
2105,30,Male,Single,Sales,Sales Representative,5,Life Sciences,Travel_Rarely,12,2,6954,15,No,8,1,1,1,1,2,1,1,4,2,3,3,4,No
2106,25,Male,Single,Research & Development,Manufacturing Director,1,Life Sciences,Travel_Rarely,1,2,4435,11,No,5,3,0,3,0,2,4,2,3,3,2,3,3,No
2107,39,Female,Divorced,Sales,Sales Executive,3,Technical Degree,Travel_Rarely,4,1,2206,13,No,3,1,0,1,1,4,5,0,3,4,4,3,3,No
2108,32,Male,Divorced,Sales,Manager,4,Other,Travel_Rarely,16,1,2432,13,No,6,0,0,0,0,1,1,0,1,3,3,4,3,No
2109,36,Female,Single,Research & Development,Research Director,2,Life Sciences,Travel_Frequently,7,2,5258,19,No,7,3,3,3,1,3,3,1,1,3,3,2,3,No
2110,36,Female,Married,Research & Development,Research Director,5,Human Resources,Travel_Frequently,1,2,7107,11,No,19,14,3,0,1,5,3,1,4,2,4,3,3,No
2111,22,Female,Single,Research & Development,Laboratory Technician,3,Life Sciences,Travel_Rarely,9,3,8854,11,No,2,0,0,0,0,2,4,0,4,1,2,1,3,No
2112,46,Female,Single,Sales,Sales Representative,2,Human Resources,Travel_Rarely,13,2,5837,18,Yes,18,11,0,1,3,6,3,1,3,3,2,1,3,Yes
2113,40,Male,Divorced,Research & Development,Manufacturing Director,4,Marketing,Travel_Rarely,4,2,7913,17,No,15,9,1,4,9,3,2,1,1,2,3,2,3,No
2114,37,Female,Married,Research & Development,Laboratory Technician,4,Life Sciences,Travel_Rarely,7,4,10777,20,No,12,5,5,0,0,1,3,0,1,1,3,2,3,No
2115,23,Female,Divorced,Research & Development,Research Director,1,Human Resources,Travel_Rarely,4,1,1897,11,No,4,1,0,0,1,2,1,0,3,3,4,2,3,Yes
2116,40,Male,Married,Human Resources,Human Resources,2,Medical,Travel_Frequently,11,1,5998,12,Yes,7,1,1,0,1,4,2,0,3,2,3,1,3,No
2117,46,Male,Married,Sales,Sales Executive,1,Human Resources,Travel_Rarely,1,1,3339,19,Yes,8,2,2,0,2,5,2,1,3,1,3,2,3,Yes
2118,27,Female,Divorced,Research & Development,Manufacturing Director,3,Medical,Travel_Rarely,29,1,6281,11,No,22,16,0,2,2,3,5,0,3,3,4,2,3,No
2119,34,Male,Married,Sales,Sales Executive,3,Marketing,Non-Travel,7,2,3872,17,No,7,1,1,1,1,2,3,1,3,3,1,4,3,Yes
2120,39,Female,Single,Research & Development,Manufacturing Director,3,Technical Degree,Travel_Rarely,4,1,4613,13,No,4,4,4,1,0,1,2,1,3,3,3,3,4,No
2121,37,Female,Single,Sales,Sales Representative,1,Marketing,Travel_Rarely,10,2,6938,18,Yes,30,25,3,1,3,3,3,1,4,4,4,3,3,No
2122,50,Female,Married,Research & Development,Laboratory Technician,3,Medical,Travel_Rarely,27,1,2652,18,No,2,0,0,0,0,9,4,0,1,2,3,3,3,Yes
2123,37,Female,Single,Research & Development,Manufacturing Director,2,Marketing,Non-Travel,7,1,2731,11,No,3,0,0,0,0,1,2,1,4,1,3,3,4,No
2124,36,Female,Divorced,Research & Development,Research Director,4,Other,Travel_Rarely,2,4,10414,16,No,8,3,2,2,3,6,2,2,1,3,3,3,3,No
2125,33,Female,Married,Research & Development,Laboratory Technician,3,Marketing,Travel_Rarely,9,4,9533,12,No,11,7,7,2,2,2,5,0,4,1,3,3,3,No
2126,25,Female,Single,Research & Development,Research Director,3,Medical,Travel_Rarely,1,3,7736,12,No,7,1,1,0,1,2,2,3,2,2,2,3,3,Yes
2127,41,Male,Divorced,Research & Development,Manufacturing Director,1,Human Resources,Travel_Rarely,1,2,6377,11,Yes,8,3,3,3,0,3,6,1,3,4,3,2,3,No
2128,32,Male,Single,Research & Development,Research Scientist,2,Other,Travel_Rarely,4,1,4800,13,No,12,9,0,1,0,2,2,0,1,1,3,1,4,No
2129,32,Male,Married,Research & Development,Laboratory Technician,1,Other,Travel_Frequently,12,1,3158,17,No,4,1,1,1,1,7,0,1,4,2,4,3,3,No
2130,34,Female,Single,Research & Development,Manufacturing Director,3,Medical,Travel_Rarely,3,2,9383,11,No,24,22,2,0,0,2,4,1,1,4,3,2,3,No
2131,36,Male,Divorced,Research & Development,Research Director,4,Technical Degree,Travel_Rarely,3,2,4583,14,Yes,12,8,1,0,0,3,3,2,1,3,2,2,3,Yes
2132,41,Female,Married,Research & Development,Research Director,5,Technical Degree,Travel_Rarely,3,1,3363,11,No,5,0,0,0,0,4,3,1,1,2,3,1,3,Yes
2133,42,Male,Single,Research & Development,Manufacturing Director,4,Life Sciences,Travel_Frequently,2,3,10630,24,No,7,0,0,0,0,3,0,0,1,3,2,3,3,Yes
2134,31,Male,Married,Research & Development,Research Director,4,Human Resources,Travel_Rarely,2,2,5175,11,No,2,2,2,2,0,1,4,1,1,3,4,3,3,No
2135,29,Male,Divorced,Research & Development,Laboratory Technician,2,Other,Travel_Rarely,4,1,1225,13,No,7,0,0,0,0,1,5,0,3,4,3,2,3,Yes
2136,25,Male,Married,Research & Development,Manufacturing Director,4,Medical,Travel_Rarely,1,2,5402,15,Yes,7,0,0,0,0,3,4,1,2,3,3,3,3,Yes
2137,37,Male,Married,Sales,Sales Representative,1,Medical,Travel_Rarely,5,2,6387,11,No,10,3,0,3,3,5,6,2,3,2,3,2,3,No
2138,34,Female,Divorced,Research & Development,Research Scientist,3,Medical,Travel_Frequently,3,2,6869,11,No,6,1,0,1,1,3,6,0,1,1,2,4,3,No
2139,53,Male,Single,Sales,Manager,3,Human Resources,Travel_Rarely,6,1,6346,11,Yes,7,2,0,2,1,3,4,1,1,4,3,1,3,No
2140,36,Female,Married,Research & Development,Research Scientist,3,Medical,Travel_Rarely,1,1,3482,17,No,5,0,0,0,0,4,2,0,1,3,4,4,3,Yes
2141,34,Female,Single,Sales,Sales Representative,4,Life Sciences,Non-Travel,1,3,6137,18,No,3,0,0,0,0,3,2,0,4,3,3,3,3,No
2142,32,Male,Married,Human Resources,Human Resources,2,Marketing,Travel_Rarely,5,1,5170,14,No,25,19,11,3,3,1,1,0,4,3,3,2,3,No
2143,29,Male,Married,Research & Development,Laboratory Technician,4,Human Resources,Travel_Rarely,8,1,5494,19,No,1,0,0,0,0,7,3,1,4,3,3,3,3,No
2144,39,Male,Divorced,Sales,Sales Representative,3,Other,Non-Travel,23,1,4984,17,No,8,1,1,1,0,5,5,1,4,3,4,3,3,No
2145,52,Female,Divorced,Research & Development,Manufacturing Director,4,Other,Travel_Rarely,4,1,4851,11,No,7,6,1,0,1,2,3,2,4,3,2,1,3,No
2146,35,Male,Single,Research & Development,Manufacturing Director,2,Other,Travel_Rarely,12,2,4062,17,No,4,2,2,2,2,5,2,1,3,4,3,3,3,No
2147,27,Male,Single,Research & Development,Research Director,1,Marketing,Travel_Rarely,3,3,7627,21,No,7,0,0,0,0,1,4,0,4,2,4,2,3,No
2148,36,Male,Divorced,Research & Development,Laboratory Technician,3,Technical Degree,Travel_Rarely,7,4,9518,17,No,8,2,1,1,1,5,5,0,4,4,3,2,3,No
2149,36,Female,Single,Sales,Manager,5,Medical,Travel_Frequently,7,4,10838,11,Yes,10,5,2,5,5,1,1,1,4,3,2,3,4,Yes
2150,28,Female,Married,Research & Development,Laboratory Technician,3,Life Sciences,Travel_Rarely,10,1,2381,12,No,3,3,0,3,1,3,2,0,3,3,3,3,3,No
2151,45,Male,Divorced,Sales,Sales Representative,4,Medical,Travel_Frequently,6,2,5939,16,No,7,0,0,0,0,0,3,1,4,3,2,2,4,Yes
2152,48,Male,Single,Research & Development,Manufacturing Director,3,Marketing,Travel_Rarely,1,1,2799,14,No,5,2,2,2,0,3,0,1,2,4,3,4,3,Yes
2153,30,Male,Married,Research & Development,Manufacturing Director,5,Other,Non-Travel,2,3,7150,20,Yes,8,1,1,1,1,1,2,1,4,2,1,3,3,No
2154,30,Female,Single,Research & Development,Research Director,3,Technical Degree,Travel_Rarely,12,2,4379,11,Yes,3,1,0,0,1,4,3,0,1,2,3,2,3,No
2155,30,Female,Married,Research & Development,Manufacturing Director,1,Marketing,Travel_Rarely,4,3,5283,17,Yes,9,5,4,3,2,1,3,1,1,3,3,1,3,Yes
2156,37,Female,Married,Sales,Manager,2,Medical,Non-Travel,1,2,7663,12,No,4,2,0,0,0,0,1,0,4,2,3,2,3,No
2157,52,Female,Single,Sales,Sales Executive,3,Other,Travel_Frequently,29,2,8414,11,No,8,2,2,0,2,2,2,1,4,3,2,2,3,No
2158,31,Female,Married,Research & Development,Manufacturing Director,2,Marketing,Travel_Rarely,7,1,5855,15,No,2,0,0,0,0,6,5,1,1,4,4,4,4,Yes
2159,32,Female,Single,Research & Development,Laboratory Technician,3,Medical,Travel_Frequently,2,1,3928,12,No,15,8,0,0,5,4,2,1,4,2,4,1,3,No
2160,37,Male,Single,Sales,Sales Representative,1,Marketing,Travel_Rarely,1,1,2986,11,No,9,3,3,0,0,2,4,1,4,4,1,3,4,No
2161,53,Female,Married,Sales,Sales Executive,4,Technical Degree,Travel_Frequently,6,1,2877,11,No,0,0,0,0,0,1,5,1,1,1,3,2,3,No
2162,40,Male,Married,Research & Development,Manufacturing Director,3,Medical,Travel_Rarely,7,1,4347,12,No,13,9,9,0,3,1,0,3,3,3,3,3,3,Yes
2163,30,Male,Divorced,Research & Development,Laboratory Technician,1,Life Sciences,Travel_Rarely,4,4,9356,17,Yes,13,7,3,7,1,5,4,1,1,3,3,3,3,No
2164,36,Male,Married,Human Resources,Human Resources,3,Technical Degree,Travel_Rarely,2,3,6949,11,No,8,6,0,1,2,1,2,1,1,2,3,3,3,No
2165,20,Male,Married,Sales,Manager,3,Medical,Travel_Rarely,3,4,9432,11,Yes,2,2,2,0,2,4,2,0,2,3,2,2,3,Yes
2166,43,Female,Single,Research & Development,Laboratory Technician,4,Technical Degree,Travel_Rarely,1,1,3608,15,No,8,4,1,1,1,1,5,0,4,1,3,3,4,No
2167,33,Female,Married,Sales,Manager,4,Human Resources,Travel_Frequently,4,1,5913,18,No,18,16,5,0,0,0,0,2,2,2,2,1,3,No
2168,34,Male,Married,Research & Development,Research Director,3,Medical,Travel_Rarely,18,1,5587,18,No,11,8,0,3,0,1,3,1,2,3,3,3,3,No
2169,37,Male,Married,Sales,Sales Representative,4,Technical Degree,Travel_Rarely,1,5,15221,15,Yes,11,5,5,0,4,1,0,0,3,4,2,3,4,No
2170,45,Male,Single,Research & Development,Research Director,3,Marketing,Non-Travel,13,3,8837,20,No,15,9,2,0,3,8,4,0,3,3,2,4,3,No
2171,43,Female,Married,Research & Development,Laboratory Technician,5,Human Resources,Travel_Rarely,1,2,8143,11,Yes,7,5,0,5,2,4,2,1,2,2,2,3,3,No
2172,46,Male,Divorced,Research & Development,Laboratory Technician,2,Medical,Travel_Rarely,29,4,7917,11,No,1,0,0,0,0,3,3,0,4,1,3,2,3,No
2173,26,Female,Married,Research & Development,Research Director,5,Medical,Travel_Frequently,1,1,6913,11,No,39,34,4,0,3,2,2,1,1,3,1,3,3,No
2174,35,Male,Married,Research & Development,Laboratory Technician,3,Marketing,Travel_Frequently,6,5,11886,14,Yes,14,8,2,2,0,0,2,1,1,3,4,3,3,Yes
2175,31,Male,Married,Research & Development,Manufacturing Director,1,Life Sciences,Travel_Frequently,6,2,3834,12,Yes,6,1,0,1,0,0,3,0,2,2,2,3,3,Yes
2176,59,Male,Single,Research & Development,Laboratory Technician,3,Human Resources,Travel_Frequently,2,1,4071,16,No,4,1,1,0,1,8,5,0,2,1,3,3,3,Yes
2177,50,Male,Single,Research & Development,Manufacturing Director,3,Marketing,Non-Travel,2,3,8060,18,No,5,4,0,0,3,1,5,2,4,4,3,2,3,No
2178,47,Female,Married,Research & Development,Research Scientist,1,Life Sciences,Travel_Rarely,8,3,7925,14,No,3,3,3,0,0,2,1,3,4,4,3,2,3,No
2179,22,Female,Single,Sales,Sales Executive,2,Marketing,Travel_Rarely,7,1,3742,14,Yes,8,6,6,2,4,2,1,1,3,3,2,2,3,Yes
2180,31,Female,Divorced,Sales,Sales Representative,2,Other,Travel_Frequently,1,4,9971,15,No,22,15,0,0,0,1,3,3,3,4,3,2,3,No
2181,46,Female,Divorced,Sales,Sales Representative,3,Life Sciences,Travel_Rarely,1,2,5259,11,No,11,4,4,3,0,2,2,0,2,1,4,2,3,No
2182,44,Male,Married,Sales,Sales Executive,2,Marketing,Travel_Rarely,3,3,7161,19,Yes,10,4,1,3,1,3,0,0,1,4,3,3,3,No
2183,31,Female,Divorced,Research & Development,Research Scientist,1,Marketing,Non-Travel,4,3,8169,11,No,1,0,0,0,0,5,3,1,3,2,3,4,3,No
2184,34,Female,Single,Research & Development,Research Director,3,Human Resources,Travel_Rarely,2,3,7019,11,No,7,0,0,0,0,4,3,0,4,4,2,4,4,No
2185,42,Male,Married,Sales,Sales Executive,4,Human Resources,Travel_Rarely,1,2,4730,12,No,11,7,2,0,1,1,2,0,3,3,2,4,3,No
2186,19,Female,Divorced,Research & Development,Research Director,1,Human Resources,Travel_Rarely,7,1,3940,11,No,9,3,0,0,2,1,3,0,3,1,3,4,4,No
2187,31,Male,Married,Research & Development,Laboratory Technician,2,Life Sciences,Travel_Rarely,11,1,4476,18,No,12,5,1,5,1,1,5,0,4,2,3,4,3,No
2188,48,Male,Single,Sales,Sales Executive,3,Marketing,Travel_Rarely,1,3,7591,14,No,12,8,0,1,5,4,4,1,4,4,3,2,3,No
2189,23,Female,Single,Sales,Manager,3,Life Sciences,Travel_Rarely,3,1,3727,11,No,3,0,0,0,0,3,2,0,4,3,3,2,3,Yes
2190,25,Female,Single,Sales,Manager,2,Human Resources,Non-Travel,13,1,3876,13,Yes,5,1,0,1,1,3,3,0,3,3,2,1,3,Yes
2191,49,Female,Married,Research & Development,Manufacturing Director,3,Technical Degree,Travel_Rarely,8,4,7963,15,No,11,4,0,0,1,3,0,0,2,2,3,1,3,No
2192,29,Female,Married,Sales,Sales Representative,3,Life Sciences,Travel_Frequently,21,4,9082,11,No,7,1,1,1,1,0,5,1,3,3,2,3,3,No
2193,38,Female,Divorced,Sales,Sales Representative,3,Other,Travel_Rarely,9,3,10019,15,No,6,4,2,0,0,3,2,0,3,2,3,3,3,No
2194,40,Female,Single,Research & Development,Research Director,1,Marketing,Travel_Rarely,3,5,12283,20,No,5,1,1,1,1,5,2,0,2,4,3,3,3,No
2195,32,Female,Single,Research & Development,Manufacturing Director,3,Other,Travel_Rarely,8,1,5441,11,No,14,13,4,5,6,2,2,0,2,2,4,2,3,No
2196,19,Male,Single,Research & Development,Manufacturing Director,4,Other,Non-Travel,1,4,10203,16,No,4,1,1,1,1,1,3,1,3,1,3,3,3,No
2197,32,Female,Single,Sales,Sales Representative,3,Medical,Travel_Rarely,6,4,9117,14,No,15,9,4,2,2,1,3,2,2,3,3,2,3,No
2198,35,Female,Single,Research & Development,Manufacturing Director,4,Other,Non-Travel,29,5,13031,13,No,11,4,0,2,1,5,5,1,1,2,3,3,3,No
2199,27,Female,Single,Human Resources,HR Manager,4,Other,Travel_Rarely,10,4,10917,12,No,10,10,1,2,4,4,3,0,4,4,4,4,3,No
2200,28,Female,Single,Research & Development,Research Director,1,Human Resources,Non-Travel,1,1,4977,13,No,22,19,1,0,0,2,4,0,3,3,2,2,3,No
2201,40,Male,Single,Research & Development,Laboratory Technician,2,Marketing,Travel_Rarely,1,2,7785,23,Yes,12,11,0,1,5,1,4,0,3,3,4,3,3,Yes
2202,42,Female,Divorced,Research & Development,Research Director,1,Medical,Travel_Rarely,9,1,4510,20,No,5,1,1,0,1,4,5,2,2,3,3,3,4,No
2203,37,Female,Single,Human Resources,Human Resources,3,Technical Degree,Travel_Rarely,14,1,4089,19,No,8,4,0,0,0,2,3,1,4,4,2,3,3,No
2204,22,Female,Single,Research & Development,Manufacturing Director,3,Life Sciences,Travel_Rarely,1,4,9482,16,No,8,1,0,1,1,6,4,3,1,3,2,3,3,No
2205,33,Female,Divorced,Sales,Manager,4,Life Sciences,Travel_Rarely,1,2,5028,13,No,9,5,4,3,2,3,2,0,3,3,3,3,3,No
2206,26,Male,Divorced,Sales,Sales Representative,1,Human Resources,Non-Travel,3,2,5247,16,No,7,3,1,3,1,2,0,0,2,3,4,3,3,No
2207,20,Male,Single,Research & Development,Manufacturing Director,2,Life Sciences,Travel_Rarely,10,3,8543,15,Yes,3,2,0,1,1,1,2,0,3,1,1,2,3,Yes
2208,34,Male,Married,Human Resources,HR Manager,3,Marketing,Travel_Rarely,1,2,4441,15,Yes,2,1,0,1,1,1,0,0,4,1,3,3,3,Yes
2209,38,Female,Married,Sales,Manager,2,Other,Travel_Frequently,29,2,5028,13,No,5,2,2,2,2,4,0,1,3,3,3,3,3,No
2210,50,Male,Married,Sales,Manager,4,Human Resources,Travel_Frequently,2,2,5019,17,Yes,2,1,1,1,1,4,2,0,4,1,2,2,3,No
2211,27,Female,Married,Sales,Manager,2,Marketing,Travel_Frequently,17,2,5508,22,Yes,16,9,1,5,4,2,3,0,1,1,2,4,3,No
2212,37,Female,Married,Research & Development,Manufacturing Director,3,Life Sciences,Travel_Rarely,9,1,6663,19,No,20,18,3,1,0,4,2,0,4,4,4,2,3,No
2213,33,Male,Single,Research & Development,Research Scientist,1,Marketing,Travel_Rarely,1,3,7075,12,No,15,8,8,2,2,3,5,1,2,4,4,2,3,Yes
2214,52,Male,Married,Sales,Manager,2,Other,Travel_Rarely,3,1,6303,13,No,3,1,1,1,1,4,5,1,4,4,3,3,3,No
2215,47,Male,Single,Human Resources,Human Resources,3,Medical,Travel_Rarely,29,1,6160,17,No,7,3,3,0,3,1,5,1,2,2,2,3,3,No
2216,37,Male,Married,Research & Development,Manufacturing Director,3,Medical,Travel_Rarely,5,3,9243,13,No,31,27,1,6,12,1,2,0,3,3,3,2,3,No
2217,38,Female,Single,Sales,Sales Representative,2,Life Sciences,Travel_Rarely,3,2,5962,17,No,9,4,3,1,0,1,5,0,1,2,3,1,3,Yes
2218,35,Male,Single,Research & Development,Laboratory Technician,2,Technical Degree,Travel_Frequently,11,1,2152,21,No,7,1,0,0,1,2,1,1,3,3,3,3,3,No
2219,24,Female,Divorced,Sales,Manager,1,Human Resources,Travel_Rarely,11,1,3130,11,No,13,6,4,2,4,3,2,1,1,1,3,2,3,No
2220,40,Female,Divorced,Sales,Sales Executive,3,Medical,Travel_Rarely,1,2,5200,14,Yes,8,3,3,2,3,3,1,2,3,1,2,2,3,Yes
2221,26,Male,Married,Human Resources,Human Resources,4,Other,Travel_Rarely,3,4,11550,19,No,12,6,5,0,3,1,2,1,4,1,2,4,3,No
2222,42,Female,Married,Sales,Sales Executive,2,Technical Degree,Travel_Rarely,3,2,6109,18,No,9,4,4,1,0,0,2,0,3,2,3,3,3,No
2223,53,Male,Divorced,Research & Development,Laboratory Technician,2,Life Sciences,Travel_Rarely,7,2,6908,19,No,1,0,0,0,0,1,6,2,2,2,2,2,4,No
2224,42,Male,Divorced,Research & Development,Research Scientist,3,Medical,Travel_Frequently,7,1,4310,16,No,6,4,0,0,0,2,3,2,2,4,3,3,3,No
2225,47,Male,Married,Research & Development,Research Scientist,2,Technical Degree,Travel_Rarely,24,1,5879,24,Yes,4,4,1,2,1,4,5,2,3,2,3,3,3,No
2226,29,Female,Married,Research & Development,Manufacturing Director,1,Marketing,Travel_Rarely,7,1,2601,18,No,12,6,3,0,0,2,1,0,3,3,3,3,3,No
2227,32,Female,Single,Research & Development,Research Director,1,Marketing,Travel_Rarely,1,3,9073,17,No,2,2,2,0,2,2,1,2,1,4,2,4,3,No
2228,36,Male,Married,Research & Development,Laboratory Technician,2,Other,Travel_Rarely,14,3,6725,17,Yes,8,3,0,3,3,2,5,1,1,2,2,3,3,No
2229,37,Female,Married,Sales,Manager,3,Medical,Travel_Rarely,3,5,11981,13,No,13,12,2,0,2,5,3,0,4,2,3,1,3,No
2230,19,Male,Married,Research & Development,Research Scientist,4,Marketing,Travel_Rarely,1,1,3909,13,No,8,3,1,3,3,1,2,2,3,4,3,3,3,No
2231,39,Male,Divorced,Research & Development,Research Scientist,1,Marketing,Non-Travel,1,2,6460,20,No,9,2,2,2,2,3,2,0,2,4,1,2,3,No
2232,35,Male,Married,Sales,Manager,2,Human Resources,Travel_Rarely,7,3,7111,15,No,3,2,1,0,2,7,2,0,3,2,3,3,4,Yes
2233,42,Female,Married,Research & Development,Laboratory Technician,5,Human Resources,Travel_Frequently,1,2,5670,19,No,13,6,0,2,2,3,1,0,3,4,3,1,3,No
2234,32,Male,Married,Sales,Sales Executive,3,Life Sciences,Travel_Frequently,4,2,5444,13,Yes,6,0,0,0,0,6,3,1,1,1,2,3,3,No
2235,35,Male,Married,Research & Development,Laboratory Technician,2,Human Resources,Travel_Rarely,27,2,6116,14,No,4,0,0,0,0,3,5,0,2,1,3,4,3,No
2236,41,Male,Married,Research & Development,Research Scientist,3,Other,Travel_Rarely,1,1,5990,11,No,16,9,5,5,2,1,3,1,4,1,3,2,3,No
2237,35,Female,Married,Research & Development,Manufacturing Director,2,Technical Degree,Travel_Frequently,5,1,4478,11,Yes,3,1,0,1,0,4,3,0,2,1,3,3,3,No
2238,27,Male,Single,Research & Development,Research Scientist,4,Other,Travel_Rarely,1,1,4920,14,Yes,7,2,2,0,2,1,2,1,1,3,1,3,3,No
2239,33,Male,Married,Sales,Sales Representative,1,Medical,Travel_Rarely,6,2,6797,13,Yes,3,2,2,1,2,3,4,0,3,4,4,4,3,Yes
2240,38,Female,Married,Sales,Manager,4,Life Sciences,Travel_Rarely,18,4,9292,13,No,10,6,1,3,3,1,6,0,2,1,3,2,3,Yes
2241,24,Female,Married,Sales,Sales Executive,1,Medical,Travel_Rarely,4,4,9776,14,No,9,4,0,0,2,5,1,2,2,3,3,3,3,Yes
2242,49,Male,Married,Sales,Manager,2,Human Resources,Travel_Rarely,5,2,4071,11,No,5,2,0,0,2,4,0,2,3,1,4,3,3,Yes
2243,27,Male,Divorced,Research & Development,Laboratory Technician,2,Human Resources,Non-Travel,1,1,2746,11,No,5,0,0,0,0,1,3,1,3,2,3,1,3,Yes
2244,45,Male,Married,Research & Development,Manufacturing Director,5,Medical,Travel_Rarely,6,4,10695,13,No,10,3,3,1,3,2,2,1,2,2,3,1,4,Yes
2245,32,Male,Married,Research & Development,Research Director,3,Life Sciences,Travel_Rarely,1,2,3482,17,No,5,2,0,2,2,2,3,2,4,2,3,2,3,Yes
2246,30,Male,Married,Research & Development,Laboratory Technician,3,Life Sciences,Travel_Rarely,4,2,6391,22,No,15,11,5,2,0,1,0,0,3,1,3,3,4,No
2247,32,Male,Divorced,Research & Development,Manufacturing Director,5,Technical Degree,Non-Travel,14,1,4777,11,No,10,8,2,5,0,2,2,1,4,2,3,2,3,No
2248,38,Male,Single,Research & Development,Research Scientist,3,Medical,Travel_Rarely,6,2,7533,11,No,10,8,3,1,3,3,2,0,1,1,1,1,3,No
2249,40,Male,Married,Research & Development,Research Director,2,Medical,Travel_Rarely,1,1,4397,11,No,7,6,0,5,0,2,3,2,4,3,2,2,3,No
2250,42,Female,Divorced,Research & Development,Research Director,5,Other,Travel_Rarely,5,2,7011,13,Yes,11,11,6,2,2,1,3,1,3,4,3,2,3,Yes
2251,55,Male,Single,Research & Development,Research Director,4,Human Resources,Non-Travel,2,4,8841,14,No,11,4,4,1,0,3,3,1,3,1,4,3,3,No
2252,45,Male,Married,Research & Development,Manufacturing Director,3,Marketing,Travel_Rarely,2,4,6831,13,No,0,0,0,0,0,0,6,1,3,4,3,3,4,No
2253,37,Female,Divorced,Research & Development,Laboratory Technician,2,Technical Degree,Travel_Frequently,12,2,4467,11,No,7,1,0,0,0,0,1,1,2,2,3,2,3,No
2254,45,Female,Divorced,Human Resources,HR Manager,4,Marketing,Travel_Rarely,7,2,4594,19,No,3,1,0,1,1,2,2,2,4,3,3,3,3,Yes
2255,35,Female,Divorced,Research & Development,Research Scientist,2,Other,Travel_Frequently,29,5,9626,17,No,6,2,2,0,1,1,1,1,2,4,4,1,3,No
2256,34,Male,Married,Research & Development,Research Director,3,Marketing,Non-Travel,1,3,6953,16,No,7,1,1,1,1,1,2,1,3,4,1,2,3,No
2257,28,Female,Married,Sales,Manager,3,Other,Travel_Rarely,18,2,7416,15,No,7,6,1,6,0,1,2,2,4,4,3,2,4,No
2258,38,Female,Married,Sales,Sales Representative,2,Medical,Travel_Frequently,3,2,5474,12,No,5,1,1,1,1,5,2,1,1,4,3,4,4,No
2259,30,Male,Married,Research & Development,Research Scientist,3,Human Resources,Travel_Rarely,1,1,4982,15,No,2,2,1,2,1,2,6,2,4,4,3,3,3,No
2260,26,Male,Divorced,Sales,Sales Executive,3,Technical Degree,Travel_Frequently,14,5,9866,20,No,3,1,0,1,1,3,1,0,2,4,3,3,3,No
2261,34,Female,Married,Sales,Sales Executive,4,Technical Degree,Travel_Rarely,1,2,4912,20,No,6,3,3,3,3,4,4,0,3,2,3,3,3,No
2262,26,Female,Married,Research & Development,Laboratory Technician,3,Life Sciences,Non-Travel,14,4,8239,17,No,3,0,0,0,0,1,2,0,1,3,3,3,4,No
2263,37,Female,Single,Research & Development,Laboratory Technician,3,Marketing,Travel_Frequently,1,2,5191,16,No,6,0,0,0,0,2,2,2,4,3,3,3,3,Yes
2264,28,Female,Married,Sales,Sales Executive,4,Technical Degree,Travel_Frequently,8,3,9625,11,No,10,4,1,0,2,4,2,0,1,3,3,3,3,No
2265,33,Male,Married,Sales,Manager,2,Marketing,Non-Travel,1,4,11534,18,No,1,0,0,0,0,2,0,0,1,3,3,2,3,Yes
2266,27,Male,Married,Research & Development,Laboratory Technician,3,Technical Degree,Travel_Frequently,25,3,6903,15,Yes,2,1,1,1,1,3,4,1,1,1,1,3,3,Yes
2267,48,Male,Married,Research & Development,Laboratory Technician,1,Medical,Travel_Frequently,3,1,4693,18,Yes,12,6,4,0,6,3,3,3,2,2,3,3,3,Yes
2268,32,Female,Divorced,Research & Development,Manufacturing Director,2,Medical,Travel_Rarely,14,3,7273,18,No,1,1,1,0,1,2,4,0,2,3,3,3,4,No
2269,40,Female,Married,Research & Development,Manufacturing Director,4,Other,Non-Travel,1,1,3803,13,No,5,3,2,1,3,1,3,0,1,4,3,2,3,No
2270,48,Male,Single,Research & Development,Manufacturing Director,2,Other,Travel_Rarely,1,2,5832,18,No,14,9,4,1,3,3,2,2,4,4,1,3,3,No
2271,38,Female,Married,Human Resources,HR Manager,4,Marketing,Travel_Rarely,21,2,6283,14,No,7,3,1,3,3,5,3,0,4,1,3,3,3,No
2272,52,Male,Married,Research & Development,Research Scientist,3,Marketing,Travel_Rarely,1,3,7170,22,No,9,6,3,1,1,2,2,1,3,1,3,2,3,No
2273,34,Female,Married,Research & Development,Research Scientist,3,Marketing,Travel_Rarely,6,1,3486,13,No,9,6,1,1,0,5,2,1,3,4,3,3,4,Yes
2274,37,Female,Married,Research & Development,Research Director,4,Other,Travel_Rarely,12,1,2318,16,No,10,3,2,1,0,1,3,1,4,2,1,3,3,Yes
2275,30,Male,Single,Research & Development,Research Scientist,2,Marketing,Travel_Rarely,1,4,9611,11,Yes,4,4,1,3,4,1,2,0,1,2,3,3,3,Yes
2276,37,Female,Married,Sales,Sales Executive,3,Technical Degree,Travel_Rarely,5,2,6961,11,Yes,30,26,0,0,12,3,1,0,3,3,3,3,4,No
2277,34,Female,Married,Research & Development,Research Scientist,2,Other,Travel_Rarely,15,3,11123,19,No,24,22,0,6,0,0,3,2,2,4,1,2,3,No
2278,45,Female,Single,Human Resources,HR Manager,4,Marketing,Travel_Rarely,17,3,6175,20,No,8,1,1,1,1,1,5,2,3,4,4,3,3,No
2279,41,Male,Single,Human Resources,HR Manager,3,Marketing,Travel_Rarely,1,4,6928,11,No,2,0,0,0,0,1,4,1,2,3,3,2,3,Yes
2280,37,Female,Single,Sales,Manager,3,Technical Degree,Travel_Rarely,8,1,1096,11,No,11,5,5,0,0,1,2,0,2,3,2,1,3,Yes
2281,19,Female,Married,Research & Development,Research Director,5,Other,Travel_Frequently,11,2,5921,14,No,2,1,1,1,1,2,1,1,2,1,3,1,4,Yes
2282,32,Female,Single,Research & Development,Laboratory Technician,2,Human Resources,Non-Travel,12,2,6151,16,No,2,0,0,0,0,3,2,0,1,3,2,2,3,No
2283,40,Male,Single,Research & Development,Laboratory Technician,2,Other,Travel_Rarely,7,1,3829,15,No,8,5,2,0,0,0,2,1,3,4,2,3,3,No
2284,34,Female,Single,Sales,Sales Representative,2,Marketing,Travel_Frequently,17,2,6239,11,Yes,7,3,3,3,1,3,3,1,2,4,3,2,3,Yes
2285,40,Female,Single,Sales,Sales Executive,3,Other,Travel_Frequently,11,2,8022,11,No,7,6,2,4,0,6,3,2,3,3,3,3,4,No
2286,28,Male,Married,Research & Development,Research Scientist,2,Marketing,Travel_Rarely,2,1,1835,15,No,6,0,0,0,0,2,5,0,3,4,3,3,3,No
2287,39,Male,Married,Sales,Sales Representative,4,Medical,Travel_Rarely,3,4,10865,22,No,12,6,0,5,1,2,2,1,4,1,1,2,3,No
2288,42,Female,Single,Research & Development,Research Scientist,3,Medical,Travel_Frequently,1,3,9351,19,No,22,17,0,0,0,4,3,0,3,4,2,3,3,No
2289,29,Male,Single,Research & Development,Research Director,3,Medical,Travel_Rarely,1,2,5804,11,Yes,6,0,0,0,0,3,2,1,1,1,1,2,3,Yes
2290,44,Male,Single,Research & Development,Research Director,3,Medical,Travel_Rarely,1,1,3564,13,No,7,4,4,4,4,3,5,1,1,1,3,3,3,No
2291,30,Female,Divorced,Research & Development,Research Scientist,3,Human Resources,Travel_Frequently,6,2,3929,18,Yes,3,0,0,0,0,4,5,1,4,4,2,3,3,Yes
2292,23,Female,Divorced,Research & Development,Laboratory Technician,3,Other,Travel_Rarely,29,3,10042,16,No,20,16,0,0,1,3,3,2,2,2,3,3,3,No
2293,30,Male,Married,Sales,Sales Representative,3,Other,Travel_Rarely,8,1,4156,14,No,14,8,3,0,2,2,4,1,4,4,3,2,4,No
2294,39,Female,Divorced,Research & Development,Laboratory Technician,3,Human Resources,Non-Travel,1,3,5206,15,No,6,2,0,2,2,4,2,0,4,3,2,3,4,No
2295,47,Female,Divorced,Research & Development,Manufacturing Director,2,Technical Degree,Travel_Rarely,6,2,5734,14,No,2,2,1,2,2,0,3,0,2,3,2,2,3,No
2296,35,Female,Single,Research & Development,Laboratory Technician,3,Medical,Non-Travel,12,4,10878,15,No,8,2,1,1,0,2,2,3,2,1,3,1,3,No
2297,51,Female,Divorced,Research & Development,Manufacturing Director,3,Human Resources,Travel_Rarely,10,1,2349,18,No,18,11,2,2,0,2,3,2,3,1,2,3,3,No
2298,30,Male,Married,Research & Development,Research Director,4,Life Sciences,Travel_Frequently,19,5,12276,11,No,12,6,0,3,0,6,2,0,3,4,4,3,3,No
2299,21,Female,Divorced,Research & Development,Manufacturing Director,1,Technical Degree,Travel_Frequently,8,1,5150,20,No,2,2,2,0,1,0,3,2,1,1,1,3,3,No
2300,27,Female,Divorced,Sales,Sales Representative,1,Human Resources,Travel_Frequently,2,3,8937,12,Yes,8,3,1,0,3,0,3,1,3,2,2,3,3,No
2301,27,Male,Divorced,Sales,Sales Executive,3,Technical Degree,Non-Travel,4,2,5354,12,No,4,1,1,1,1,3,0,2,2,1,3,3,3,No
2302,28,Male,Single,Research & Development,Research Director,3,Other,Travel_Frequently,1,2,5419,19,No,8,5,4,2,0,5,4,0,3,3,3,4,3,No
2303,47,Female,Married,Research & Development,Research Director,3,Medical,Travel_Frequently,8,2,6346,20,No,5,5,4,5,1,0,3,1,2,3,3,3,3,No
2304,36,Female,Single,Sales,Sales Representative,3,Life Sciences,Travel_Rarely,2,1,5533,14,Yes,8,7,1,2,0,4,1,3,4,3,3,1,3,No
2305,25,Female,Single,Research & Development,Laboratory Technician,1,Technical Degree,Travel_Rarely,7,1,2362,21,No,1,1,1,1,1,5,0,1,4,4,4,4,3,Yes
2306,55,Female,Married,Sales,Manager,5,Marketing,Travel_Rarely,1,4,9292,22,Yes,8,1,0,1,1,4,2,0,4,4,4,2,3,No
2307,32,Female,Divorced,Research & Development,Manufacturing Director,3,Life Sciences,Travel_Rarely,2,1,5869,13,No,8,5,0,2,2,3,5,1,3,4,1,3,3,No
2308,29,Male,Married,Research & Development,Research Director,4,Medical,Travel_Frequently,7,2,7310,11,Yes,19,16,1,2,2,2,2,0,4,4,2,2,4,No
2309,44,Female,Married,Research & Development,Laboratory Technician,2,Other,Travel_Rarely,1,5,10644,20,Yes,11,6,2,2,3,1,6,0,4,2,2,4,3,No
2310,45,Female,Married,Sales,Sales Executive,3,Other,Travel_Frequently,10,1,3948,15,Yes,7,0,0,0,0,7,4,3,2,3,3,3,3,No
2311,37,Female,Married,Research & Development,Research Director,1,Other,Travel_Rarely,27,3,6808,11,Yes,2,2,1,2,0,0,5,2,3,2,1,3,3,Yes
2312,33,Male,Single,Human Resources,HR Manager,3,Technical Degree,Non-Travel,12,1,2682,14,Yes,6,0,0,0,0,3,5,0,4,3,3,2,4,Yes
2313,34,Male,Single,Research & Development,Research Director,3,Life Sciences,Non-Travel,4,1,3444,17,Yes,3,0,0,0,0,1,4,0,3,2,4,3,4,Yes
2314,45,Male,Single,Sales,Manager,4,Other,Travel_Rarely,12,4,8733,12,No,2,1,0,1,0,0,2,1,2,1,2,4,3,No
2315,36,Male,Married,Research & Development,Manufacturing Director,3,Human Resources,Travel_Frequently,1,2,4027,15,No,5,1,1,1,0,1,4,0,3,1,2,3,3,No
2316,33,Male,Married,Research & Development,Manufacturing Director,4,Medical,Travel_Frequently,2,2,6778,11,No,4,2,2,0,2,3,4,0,4,2,3,3,3,No
2317,40,Male,Married,Sales,Manager,1,Life Sciences,Travel_Rarely,2,1,3445,11,Yes,5,0,0,0,0,1,1,0,3,3,3,3,3,Yes
2318,34,Female,Married,Sales,Sales Representative,1,Other,Travel_Rarely,7,1,4242,11,Yes,2,0,0,0,0,2,1,0,3,4,4,3,3,No
2319,27,Male,Divorced,Research & Development,Research Director,5,Technical Degree,Travel_Rarely,17,1,3927,11,No,5,0,0,0,0,1,2,0,3,4,2,2,3,No
2320,30,Female,Married,Research & Development,Research Scientist,3,Marketing,Travel_Rarely,2,3,7961,16,Yes,7,0,0,0,0,1,1,1,4,4,2,3,3,No
2321,43,Male,Married,Sales,Sales Executive,3,Life Sciences,Travel_Rarely,8,2,6670,11,No,5,3,1,3,0,5,2,1,4,1,3,4,3,No
2322,38,Female,Divorced,Sales,Manager,4,Human Resources,Travel_Rarely,5,2,6736,19,No,14,8,6,2,3,5,3,2,4,1,3,3,3,No
2323,34,Female,Married,Research & Development,Research Scientist,4,Medical,Travel_Rarely,14,5,11213,11,No,11,8,6,0,1,4,3,0,3,2,4,4,3,No
2324,41,Male,Married,Human Resources,HR Manager,3,Life Sciences,Travel_Rarely,1,1,3355,18,Yes,16,9,1,3,1,3,3,0,4,3,1,2,3,Yes
2325,26,Male,Married,Sales,Manager,5,Other,Travel_Frequently,12,1,6807,14,No,8,5,1,0,2,4,4,0,3,4,3,3,4,Yes
2326,21,Male,Married,Sales,Sales Executive,3,Other,Travel_Rarely,1,3,8078,11,No,7,7,5,0,3,2,2,0,2,1,3,3,3,No
2327,47,Male,Married,Research & Development,Research Director,3,Technical Degree,Non-Travel,1,2,6956,15,No,9,3,0,2,3,2,1,1,4,4,3,1,4,No
2328,45,Male,Married,Research & Development,Manufacturing Director,1,Other,Travel_Rarely,9,2,6745,16,No,10,6,1,0,2,3,2,1,1,3,4,2,3,No
2329,36,Female,Single,Research & Development,Laboratory Technician,4,Life Sciences,Travel_Rarely,6,3,8197,11,No,8,5,1,2,5,3,1,0,3,3,3,3,3,No
2330,52,Male,Single,Research & Development,Manufacturing Director,2,Human Resources,Travel_Rarely,6,3,9121,18,No,6,2,0,1,1,2,4,0,3,2,2,2,4,No
2331,37,Female,Married,Research & Development,Research Director,4,Marketing,Travel_Rarely,5,2,6368,17,Yes,14,12,10,4,0,2,2,1,3,2,2,2,3,No
2332,33,Male,Single,Research & Development,Laboratory Technician,3,Other,Travel_Rarely,1,2,5929,19,Yes,9,9,8,0,0,2,5,2,3,3,3,3,3,Yes
2333,38,Male,Divorced,Research & Development,Manufacturing Director,1,Life Sciences,Travel_Rarely,27,4,10945,14,No,11,9,3,2,1,3,1,3,4,4,4,3,3,No
2334,22,Male,Married,Sales,Manager,3,Other,Travel_Rarely,3,1,4134,11,No,12,8,0,0,2,2,1,2,2,3,4,2,3,No
2335,52,Female,Divorced,Sales,Manager,3,Other,Travel_Rarely,2,2,5304,18,Yes,4,0,0,0,0,1,3,1,3,3,3,1,3,No
2336,34,Male,Married,Sales,Manager,2,Marketing,Travel_Rarely,11,1,5622,19,Yes,4,0,0,0,0,0,1,0,3,4,4,3,3,No
2337,31,Female,Married,Research & Development,Laboratory Technician,3,Marketing,Travel_Rarely,2,3,7493,16,Yes,6,1,1,1,1,4,2,0,2,1,2,4,3,Yes
2338,24,Male,Single,Sales,Sales Executive,4,Marketing,Travel_Rarely,1,2,6774,11,No,4,2,2,2,2,5,2,2,4,2,3,3,3,No
2339,52,Female,Married,Sales,Sales Executive,3,Technical Degree,Travel_Rarely,18,3,7910,18,No,5,3,2,0,2,3,2,0,4,3,3,4,3,No
2340,25,Male,Single,Research & Development,Research Scientist,5,Life Sciences,Travel_Rarely,3,1,3413,18,Yes,5,3,0,0,0,2,1,2,1,4,4,2,3,No
2341,35,Female,Single,Research & Development,Manufacturing Director,4,Human Resources,Travel_Frequently,21,1,6150,25,No,6,2,0,2,1,0,3,0,3,2,3,4,3,Yes
2342,41,Male,Divorced,Sales,Sales Executive,2,Life Sciences,Non-Travel,1,2,5044,17,No,9,3,1,0,0,0,2,0,4,2,2,2,3,No
2343,39,Female,Married,Research & Development,Laboratory Technician,5,Human Resources,Travel_Rarely,1,1,5683,15,No,5,5,5,1,4,0,2,2,1,1,2,3,3,Yes
2344,44,Male,Single,Research & Development,Research Scientist,4,Marketing,Travel_Rarely,6,5,12394,12,No,9,6,1,2,4,1,2,1,1,3,1,3,3,No
2345,32,Male,Divorced,Research & Development,Research Director,2,Human Resources,Travel_Frequently,8,2,5179,11,Yes,6,1,1,1,0,3,5,1,4,4,3,3,3,Yes
2346,50,Female,Married,Research & Development,Manufacturing Director,3,Human Resources,Travel_Rarely,2,1,4998,11,No,14,11,11,2,1,1,2,1,2,3,3,4,3,No
2347,45,Female,Married,Research & Development,Research Director,3,Medical,Travel_Rarely,4,4,11255,20,No,16,15,1,4,0,1,3,1,3,4,3,2,3,Yes
2348,44,Male,Single,Research & Development,Laboratory Technician,3,Marketing,Travel_Rarely,1,2,6526,25,No,4,3,1,3,3,6,3,1,2,1,4,2,3,No
2349,47,Male,Divorced,Research & Development,Laboratory Technician,4,Life Sciences,Travel_Rarely,4,2,8767,11,No,16,13,3,5,13,3,2,1,2,2,3,3,3,No
2350,34,Female,Married,Sales,Manager,1,Marketing,Travel_Frequently,2,4,10314,15,No,10,3,3,1,3,1,5,1,3,4,3,3,3,No
2351,39,Male,Single,Sales,Sales Representative,1,Life Sciences,Travel_Rarely,4,2,6771,13,No,3,0,0,0,0,3,3,1,3,1,3,2,3,No
2352,18,Female,Single,Sales,Manager,1,Marketing,Travel_Rarely,7,1,3089,16,No,3,2,0,1,0,3,2,1,2,2,2,4,3,No
2353,37,Female,Single,Research & Development,Laboratory Technician,2,Human Resources,Travel_Rarely,3,3,7448,15,No,6,6,1,4,1,3,3,1,3,4,3,1,4,No
2354,32,Female,Married,Sales,Manager,3,Medical,Travel_Rarely,3,1,5021,11,Yes,6,2,1,0,1,2,2,1,3,2,3,3,3,Yes
2355,27,Male,Married,Research & Development,Research Director,2,Human Resources,Travel_Rarely,1,1,3984,14,No,3,1,0,0,0,3,2,1,1,2,4,2,3,Yes
2356,41,Female,Married,Sales,Sales Representative,4,Medical,Travel_Frequently,23,1,5075,11,No,4,0,0,0,0,5,4,1,2,1,3,4,3,No
2357,34,Male,Married,Research & Development,Manufacturing Director,1,Medical,Travel_Rarely,1,1,4124,16,No,1,0,0,0,0,2,3,0,3,1,3,4,3,No
2358,32,Male,Single,Research & Development,Manufacturing Director,3,Human Resources,Non-Travel,3,1,4075,12,Yes,4,2,1,2,2,7,5,0,2,2,3,1,3,Yes
2359,38,Female,Single,Research & Development,Research Director,4,Human Resources,Travel_Rarely,29,1,2794,17,Yes,6,0,0,0,0,3,2,2,4,3,3,3,3,No
2360,23,Male,Divorced,Sales,Sales Representative,3,Life Sciences,Travel_Rarely,21,1,5734,13,No,10,9,2,1,0,4,2,1,1,3,3,3,3,Yes
2361,41,Female,Single,Research & Development,Manufacturing Director,1,Marketing,Travel_Rarely,2,3,10178,12,Yes,18,16,6,5,2,4,1,1,4,3,3,2,3,No
2362,43,Female,Single,Sales,Sales Representative,1,Human Resources,Travel_Rarely,5,2,5065,17,Yes,4,1,1,1,1,3,2,1,3,4,2,1,3,No
2363,28,Male,Divorced,Research & Development,Laboratory Technician,4,Life Sciences,Travel_Frequently,1,1,2651,15,No,1,1,1,0,1,0,2,0,4,2,4,3,3,No
2364,18,Male,Married,Research & Development,Manufacturing Director,3,Other,Travel_Rarely,1,1,4618,15,No,4,0,0,0,0,2,3,0,1,4,2,3,3,No
2365,29,Female,Single,Human Resources,Human Resources,2,Medical,Travel_Rarely,7,1,2705,14,No,7,2,0,2,0,3,3,2,4,3,1,3,3,No
2366,42,Male,Married,Research & Development,Research Scientist,5,Other,Travel_Frequently,16,3,7541,21,Yes,4,3,3,2,3,0,4,0,4,1,4,2,3,No
2367,31,Male,Married,Research & Development,Research Scientist,5,Human Resources,Travel_Rarely,12,3,7366,16,Yes,4,1,1,0,1,5,6,1,1,2,2,3,3,Yes
2368,23,Female,Married,Sales,Manager,3,Life Sciences,Travel_Rarely,2,5,10938,15,Yes,6,3,2,1,3,4,3,3,2,3,3,3,3,Yes
2369,31,Female,Divorced,Research & Development,Laboratory Technician,3,Human Resources,Travel_Frequently,9,4,9741,11,No,15,9,2,2,0,1,1,0,2,1,3,2,3,Yes
2370,29,Male,Single,Research & Development,Manufacturing Director,3,Life Sciences,Travel_Frequently,10,1,4485,20,No,5,2,2,2,1,2,2,2,4,3,2,3,3,Yes
2371,36,Female,Married,Research & Development,Research Scientist,3,Human Resources,Travel_Rarely,1,3,7957,22,Yes,6,0,0,0,0,1,2,1,2,2,2,3,3,Yes
2372,40,Male,Married,Research & Development,Research Director,1,Other,Travel_Rarely,7,1,4566,15,Yes,8,2,1,2,2,3,3,0,4,3,3,3,3,No
2373,31,Male,Married,Sales,Sales Representative,3,Medical,Travel_Rarely,14,1,2968,12,No,8,1,0,1,1,1,5,0,3,2,1,4,3,No
2374,35,Male,Divorced,Research & Development,Research Director,1,Life Sciences,Non-Travel,1,1,3651,13,No,9,2,2,1,2,3,2,0,4,4,2,3,3,No
2375,36,Female,Married,Research & Development,Research Director,4,Medical,Travel_Rarely,2,4,11710,16,No,0,0,0,0,0,2,3,0,4,1,4,3,3,No
2376,33,Male,Single,Sales,Sales Representative,1,Marketing,Travel_Rarely,4,1,4501,15,No,11,7,2,0,6,4,2,0,2,3,4,3,3,No
2377,52,Male,Divorced,Sales,Sales Executive,3,Technical Degree,Travel_Frequently,7,1,2985,16,Yes,2,1,1,1,1,3,4,3,2,1,4,3,3,No
2378,52,Female,Married,Research & Development,Research Director,2,Other,Travel_Frequently,1,5,15272,15,No,11,5,1,4,5,3,4,0,3,2,3,3,3,No
2379,24,Female,Single,Research & Development,Research Director,3,Marketing,Travel_Rarely,1,3,9192,22,No,1,1,1,0,1,6,2,1,2,4,1,2,3,Yes
2380,32,Female,Divorced,Research & Development,Manufacturing Director,5,Life Sciences,Travel_Rarely,4,5,11377,16,Yes,10,10,0,2,6,1,2,0,1,1,3,3,3,No
2381,40,Female,Married,Research & Development,Manufacturing Director,3,Life Sciences,Travel_Frequently,1,1,5024,11,Yes,12,5,1,4,2,3,2,1,4,4,3,2,4,No
2382,34,Male,Married,Human Resources,HR Manager,4,Life Sciences,Travel_Rarely,12,5,10935,16,Yes,4,2,0,1,2,1,3,1,2,3,4,4,3,Yes
2383,41,Male,Single,Sales,Sales Executive,3,Other,Travel_Rarely,3,4,9093,11,Yes,9,4,2,0,3,6,3,1,4,3,3,4,3,No
2384,23,Female,Divorced,Research & Development,Research Scientist,3,Life Sciences,Travel_Rarely,5,1,2326,17,No,2,2,2,2,2,2,0,1,3,1,3,3,3,No
2385,42,Female,Single,Research & Development,Manufacturing Director,2,Life Sciences,Travel_Rarely,10,5,12819,14,No,3,3,2,0,3,2,0,3,2,4,4,4,3,No
2386,20,Female,Married,Research & Development,Manufacturing Director,3,Other,Travel_Frequently,9,2,5175,15,Yes,6,3,0,0,1,3,4,2,4,2,3,3,3,No
2387,20,Female,Single,Research & Development,Manufacturing Director,5,Life Sciences,Travel_Rarely,2,1,5490,18,Yes,34,33,11,2,1,2,5,0,2,4,2,4,3,Yes
2388,40,Female,Single,Sales,Manager,2,Marketing,Travel_Frequently,8,3,5480,11,No,8,8,8,0,3,3,4,1,4,3,2,3,3,No
2389,37,Male,Married,Sales,Sales Executive,3,Medical,Travel_Rarely,5,1,4030,14,No,8,1,0,1,1,1,4,2,2,3,3,2,4,No
2390,48,Female,Married,Research & Development,Research Director,4,Human Resources,Travel_Rarely,29,1,4601,11,Yes,8,5,4,4,5,5,6,0,4,1,2,3,3,No
2391,46,Male,Divorced,Research & Development,Research Director,3,Marketing,Travel_Rarely,1,1,3168,13,No,1,0,0,0,0,1,2,1,4,1,3,3,3,Yes
2392,18,Male,Married,Research & Development,Research Scientist,2,Other,Travel_Rarely,2,1,6180,11,Yes,8,3,1,0,1,4,6,0,3,4,2,3,4,Yes
2393,38,Female,Married,Research & Development,Manufacturing Director,2,Marketing,Non-Travel,1,2,1950,20,Yes,8,1,1,0,1,4,5,1,1,2,3,3,3,Yes
2394,29,Female,Married,Research & Development,Manufacturing Director,4,Marketing,Travel_Rarely,18,4,8821,16,No,10,9,6,1,0,3,2,0,2,3,3,3,3,Yes
2395,36,Female,Married,Research & Development,Research Director,3,Life Sciences,Travel_Frequently,10,4,10971,16,Yes,11,4,1,0,0,1,2,0,4,2,4,3,3,Yes
2396,38,Male,Single,Research & Development,Research Scientist,5,Human Resources,Travel_Rarely,2,5,12972,14,No,15,11,3,1,1,3,3,0,4,3,2,3,3,No
2397,37,Male,Single,Research & Development,Laboratory Technician,3,Human Resources,Travel_Frequently,2,4,9824,17,Yes,38,33,3,5,4,4,2,0,3,1,2,2,4,No
2398,45,Male,Married,Research & Development,Research Scientist,4,Other,Non-Travel,11,2,7789,15,No,9,7,0,6,2,6,0,1,1,2,2,4,3,Yes
2399,38,Female,Divorced,Sales,Sales Representative,3,Medical,Travel_Rarely,1,1,3427,18,No,2,0,0,0,0,5,5,2,3,1,2,3,3,No
2400,27,Male,Married,Research & Development,Laboratory Technician,2,Human Resources,Travel_Rarely,1,2,7278,17,No,3,1,1,0,1,1,2,1,2,3,2,3,3,No
2401,28,Female,Married,Research & Development,Research Scientist,3,Other,Travel_Rarely,3,2,5734,13,No,11,4,4,2,2,1,4,0,4,3,3,3,3,No
2402,31,Female,Married,Research & Development,Manufacturing Director,5,Marketing,Travel_Rarely,29,3,6308,13,No,20,14,2,0,0,3,5,0,3,3,3,3,3,Yes
2403,18,Male,Single,Research & Development,Research Director,1,Human Resources,Travel_Rarely,29,2,6587,19,No,18,13,3,9,0,3,1,1,3,1,3,2,3,No
2404,32,Male,Married,Sales,Sales Representative,3,Technical Degree,Travel_Rarely,12,1,2879,19,No,7,0,0,0,0,4,5,1,3,3,1,2,4,No
2405,44,Female,Married,Research & Development,Laboratory Technician,2,Life Sciences,Travel_Rarely,8,1,3104,14,No,10,4,4,4,0,4,2,1,4,4,3,2,4,No
2406,33,Female,Married,Research & Development,Research Director,5,Human Resources,Travel_Rarely,1,1,6349,21,Yes,10,9,0,0,8,5,4,1,3,4,1,2,4,Yes
2407,23,Male,Married,Research & Development,Manufacturing Director,3,Life Sciences,Travel_Rarely,1,1,5381,17,No,15,11,1,1,3,5,5,2,4,4,3,3,3,Yes
2408,40,Female,Divorced,Research & Development,Laboratory Technician,3,Marketing,Non-Travel,2,1,4649,12,No,9,8,3,5,0,4,2,1,4,4,3,3,4,No
2409,24,Female,Married,Research & Development,Research Director,2,Other,Travel_Frequently,2,3,9606,13,Yes,6,4,3,0,0,1,2,1,3,4,3,2,3,Yes
2410,25,Female,Married,Sales,Manager,1,Marketing,Travel_Rarely,1,5,10980,11,No,5,0,0,0,0,2,5,0,3,3,2,2,3,No
2411,34,Female,Single,Research & Development,Manufacturing Director,2,Human Resources,Travel_Frequently,1,5,9498,11,Yes,12,5,4,0,2,1,4,0,3,3,3,3,3,No
2412,44,Male,Married,Sales,Sales Representative,1,Technical Degree,Travel_Frequently,4,1,6941,11,No,37,31,2,0,0,3,2,1,2,1,2,1,3,No
2413,39,Male,Single,Research & Development,Laboratory Technician,4,Medical,Travel_Frequently,14,3,8095,17,Yes,2,0,0,0,0,7,3,0,2,4,3,3,3,Yes
2414,39,Female,Married,Research & Development,Research Director,2,Marketing,Travel_Rarely,1,2,5058,18,No,3,2,2,1,0,3,4,3,3,3,3,3,3,No
2415,45,Female,Single,Sales,Sales Representative,2,Marketing,Travel_Rarely,18,2,6178,12,No,3,2,2,0,0,1,2,1,4,1,2,3,3,No
2416,43,Female,Single,Sales,Manager,3,Technical Degree,Travel_Rarely,12,5,13421,11,No,22,18,0,6,4,3,5,0,4,3,2,1,3,No
2417,36,Male,Single,Research & Development,Manufacturing Director,3,Marketing,Travel_Frequently,3,3,6333,12,No,9,8,8,1,0,5,1,0,3,1,4,3,3,No
2418,25,Male,Divorced,Research & Development,Manufacturing Director,3,Other,Travel_Rarely,7,5,8769,23,No,9,2,0,2,1,3,4,0,3,4,3,4,4,No
2419,35,Male,Divorced,Research & Development,Research Director,2,Medical,Travel_Rarely,1,2,7362,14,No,7,6,1,6,1,2,3,0,1,4,3,3,3,No
2420,31,Male,Married,Research & Development,Research Scientist,1,Life Sciences,Non-Travel,8,1,4606,12,No,8,2,2,2,0,3,2,1,4,3,2,2,3,No
2421,47,Male,Married,Sales,Sales Executive,4,Human Resources,Travel_Frequently,5,2,5543,15,No,7,0,0,0,0,6,3,1,4,3,3,3,3,No
2422,28,Female,Married,Sales,Sales Executive,2,Human Resources,Travel_Rarely,7,1,1201,11,No,2,1,0,0,0,2,6,2,3,3,3,3,3,No
2423,49,Female,Single,Research & Development,Research Director,4,Life Sciences,Travel_Rarely,2,1,3411,11,No,6,2,2,2,0,2,5,0,1,2,3,2,4,No
2424,36,Female,Divorced,Research & Development,Research Director,5,Marketing,Travel_Rarely,1,2,4531,16,No,11,4,1,0,4,2,4,0,4,1,3,3,3,Yes
2425,25,Male,Divorced,Research & Development,Laboratory Technician,3,Life Sciences,Travel_Rarely,5,1,2246,11,No,7,3,3,0,1,5,2,3,3,1,3,2,3,No
2426,31,Male,Divorced,Research & Development,Research Director,2,Other,Travel_Rarely,1,3,7678,11,No,12,11,4,7,5,5,5,1,4,1,3,3,3,No
2427,38,Female,Divorced,Research & Development,Research Scientist,2,Life Sciences,Travel_Rarely,2,1,4901,11,No,14,7,2,1,1,5,2,1,4,1,4,4,3,No
2428,23,Male,Divorced,Sales,Sales Representative,3,Technical Degree,Travel_Rarely,2,2,6080,12,No,10,6,1,1,1,6,5,0,3,4,2,3,3,No
2429,33,Male,Single,Sales,Sales Representative,3,Technical Degree,Travel_Rarely,1,4,7428,15,Yes,6,2,2,2,1,3,3,0,3,1,3,1,3,No
2430,25,Male,Divorced,Sales,Manager,1,Marketing,Travel_Rarely,6,2,5844,14,Yes,6,1,1,1,1,2,1,0,4,2,2,4,3,No
2431,31,Female,Married,Sales,Manager,1,Medical,Travel_Rarely,1,1,4835,17,Yes,6,1,1,1,1,4,2,0,1,3,2,2,3,Yes
2432,44,Female,Divorced,Research & Development,Research Director,2,Marketing,Travel_Rarely,9,1,1823,23,Yes,11,4,0,4,0,2,2,3,3,1,2,3,3,No
2433,28,Male,Divorced,Research & Development,Research Scientist,3,Human Resources,Non-Travel,1,2,7763,16,No,9,2,1,2,1,3,5,1,4,2,3,2,3,No
2434,42,Male,Married,Research & Development,Research Scientist,4,Medical,Travel_Frequently,13,2,6824,17,No,6,5,1,2,0,4,3,1,4,3,3,3,3,No
2435,46,Female,Married,Sales,Sales Executive,4,Human Resources,Travel_Rarely,28,1,5297,14,No,1,0,0,0,0,1,3,0,3,4,3,2,3,No
2436,47,Male,Divorced,Research & Development,Manufacturing Director,3,Technical Degree,Travel_Rarely,11,4,10014,16,Yes,9,8,5,0,8,3,5,2,3,3,3,1,3,No
2437,36,Male,Divorced,Research & Development,Laboratory Technician,5,Life Sciences,Non-Travel,7,3,8002,11,No,3,0,0,0,0,2,0,0,4,2,2,2,3,No
2438,27,Female,Single,Research & Development,Laboratory Technician,4,Medical,Travel_Rarely,4,1,3756,14,No,10,7,2,0,2,1,1,1,4,1,3,3,3,No
2439,46,Female,Married,Sales,Sales Representative,1,Medical,Travel_Frequently,3,2,5090,11,No,11,9,5,1,0,0,0,0,1,1,4,3,3,Yes
2440,49,Female,Married,Research & Development,Research Scientist,2,Life Sciences,Travel_Rarely,10,2,5300,18,No,11,7,2,1,2,2,2,2,1,3,3,2,3,No
2441,27,Female,Married,Research & Development,Research Director,4,Marketing,Travel_Rarely,23,2,5483,24,No,8,4,0,0,4,4,3,0,3,3,3,3,3,Yes
2442,22,Male,Divorced,Human Resources,HR Manager,3,Life Sciences,Travel_Rarely,1,2,6579,16,No,3,2,2,2,0,2,0,1,2,2,4,2,3,No
2443,31,Male,Married,Research & Development,Manufacturing Director,5,Technical Degree,Travel_Rarely,2,4,11199,15,No,2,1,1,0,1,2,4,0,2,1,4,3,3,No
2444,34,Female,Divorced,Research & Development,Research Scientist,4,Technical Degree,Travel_Rarely,29,2,4741,11,No,15,8,6,0,3,2,5,2,3,2,2,3,3,No
2445,45,Male,Married,Research & Development,Manufacturing Director,2,Technical Degree,Travel_Rarely,11,1,1403,16,No,5,0,0,0,0,2,3,0,2,3,4,3,3,No
2446,26,Female,Divorced,Research & Development,Research Scientist,3,Medical,Travel_Frequently,8,2,6772,17,No,8,5,1,4,2,1,1,1,3,3,2,2,3,No
2447,52,Female,Single,Human Resources,HR Manager,3,Other,Travel_Rarely,3,3,6217,14,No,9,3,0,0,0,3,2,3,2,2,3,4,4,No
2448,48,Female,Married,Sales,Sales Representative,3,Technical Degree,Non-Travel,8,3,6116,21,No,10,3,1,3,3,3,3,0,3,1,3,3,3,No
2449,35,Male,Married,Sales,Sales Executive,4,Other,Travel_Rarely,1,4,10295,11,No,6,6,0,3,3,2,6,2,4,3,2,3,3,No
2450,29,Male,Divorced,Research & Development,Research Scientist,3,Technical Degree,Travel_Rarely,3,1,1692,11,No,3,0,0,0,0,3,2,0,4,1,2,3,3,Yes
2451,37,Female,Divorced,Research & Development,Research Director,1,Marketing,Travel_Rarely,7,2,6681,22,Yes,5,3,0,0,1,2,2,2,2,1,2,3,3,No
2452,41,Female,Divorced,Research & Development,Manufacturing Director,4,Medical,Travel_Rarely,2,3,7359,16,Yes,10,4,4,0,0,2,2,0,4,3,2,3,3,No
2453,37,Male,Single,Research & Development,Research Director,3,Marketing,Travel_Frequently,1,3,8519,11,No,23,19,2,0,0,4,1,1,2,3,3,3,3,No
2454,20,Male,Married,Research & Development,Manufacturing Director,2,Life Sciences,Travel_Frequently,3,3,8500,20,No,3,2,2,2,0,5,4,2,3,2,3,4,3,No
2455,18,Female,Married,Research & Development,Manufacturing Director,3,Other,Travel_Rarely,1,3,7033,12,No,5,2,2,0,2,0,4,2,3,1,2,3,4,Yes
2456,37,Male,Married,Research & Development,Laboratory Technician,1,Technical Degree,Travel_Rarely,12,1,3602,16,No,5,0,0,0,0,1,3,2,3,3,4,2,3,No
2457,59,Female,Divorced,Research & Development,Laboratory Technician,3,Marketing,Non-Travel,14,1,4205,15,Yes,9,5,1,1,2,0,1,1,1,2,2,3,3,Yes
2458,31,Female,Divorced,Sales,Sales Representative,2,Human Resources,Travel_Rarely,6,5,12305,11,No,2,0,0,0,0,5,2,1,3,3,3,3,3,No
2459,35,Female,Married,Research & Development,Manufacturing Director,2,Human Resources,Travel_Rarely,14,1,3093,12,No,5,4,1,0,4,2,4,1,1,4,3,3,3,Yes
2460,42,Female,Married,Research & Development,Laboratory Technician,4,Life Sciences,Travel_Rarely,5,5,8951,19,Yes,5,4,4,3,0,1,4,0,4,3,1,1,4,Yes
2461,35,Male,Single,Sales,Sales Representative,3,Life Sciences,Travel_Rarely,9,1,3075,12,No,5,2,0,2,2,2,4,1,2,4,3,1,3,Yes
2462,27,Female,Married,Sales,Manager,5,Life Sciences,Travel_Rarely,16,2,10054,11,No,13,7,1,2,0,0,3,1,4,1,3,2,3,Yes
2463,48,Female,Single,Sales,Sales Executive,2,Human Resources,Travel_Rarely,9,3,7106,17,Yes,8,8,0,0,3,1,6,0,2,1,3,3,3,No
2464,42,Female,Married,Sales,Manager,3,Technical Degree,Travel_Rarely,6,5,11434,24,No,7,0,0,0,0,2,4,0,1,1,1,4,3,No
2465,25,Female,Divorced,Research & Development,Research Scientist,2,Marketing,Travel_Rarely,1,2,6695,13,No,3,1,1,1,1,2,2,0,3,4,3,3,4,No
2466,35,Female,Single,Sales,Manager,3,Human Resources,Travel_Rarely,10,5,13788,14,Yes,27,21,0,3,1,0,4,1,4,2,3,4,4,No
2467,33,Male,Single,Sales,Sales Representative,3,Marketing,Travel_Rarely,10,3,9395,11,No,15,15,0,2,1,1,2,1,1,4,4,4,3,No
2468,33,Female,Divorced,Research & Development,Research Scientist,1,Technical Degree,Travel_Frequently,18,1,3906,12,No,15,14,1,1,3,2,2,1,3,1,2,3,4,No
2469,45,Male,Single,Sales,Manager,5,Medical,Travel_Frequently,8,3,5486,17,No,2,0,0,0,0,4,4,3,4,3,3,3,3,No
2470,47,Male,Single,Research & Development,Manufacturing Director,3,Human Resources,Travel_Rarely,5,2,6629,16,Yes,8,1,0,1,1,4,4,0,4,4,2,1,3,No
